商品标题,商品价格,评论量,店铺名字,标签,商品详情页
"京品手机
Apple iPhone 11 (A2223) 128GB 绿色 移动联通电信4G手机 双卡双待",3899.00,500万+,Apple产品京东自营旗舰店,自营,https://item.jd.com/100008348550.html
Apple iPhone 13 (A2634) 256GB 午夜色 支持移动联通电信5G 双卡双待手机,6799.00,400万+,Apple产品京东自营旗舰店,"自营,券4000-600",https://item.jd.com/100014352501.html
"京品手机
Apple iPhone 12 (A2404) 256GB 黑色 支持移动联通电信5G 双卡双待",5299.00,400万+,Apple产品京东自营旗舰店,自营,https://item.jd.com/100009077457.html
Redmi 9A 5000mAh 1300万AI相机 八核处理器 人脸解锁 4GB+128GB 晴空蓝 游戏智能 小米 红米,799.00,300万+,小米京东自营旗舰店,"自营,放心购",https://item.jd.com/100008611953.html
Redmi K40 骁龙870 三星AMOLED 120Hz高刷直屏 4800万高清三摄 8GB+128GB 晴雪 游戏电竞5G 小米 红米,2199.00,100万+,小米京东自营旗舰店,"自营,放心购",https://item.jd.com/100018640794.html
Redmi Note8 4800万全场景四摄 4000mAh长续航 高通骁龙665 18W快充 小金刚品质保证 4GB+64GB 曜石黑 游戏智能 小米 红米,899.00,100万+,小米京东自营旗舰店,"自营,放心购",https://item.jd.com/100004575495.html
Redmi 8A 5000mAh 骁龙八核处理器 AI人脸解锁 莱茵护眼全面屏 4GB+64GB 深海蓝 智能老人 小米 红米,699.00,100万+,小米京东自营旗舰店,"自营,放心购",https://item.jd.com/100009082500.html
天语（K-Touch）T2 老人手机语音播报移动2G直板按键大字大声大屏超长待机老年学生备用功能 红色,99.00,100万+,天语手机京东自营官方旗舰店,"自营,放心购,赠",https://item.jd.com/4270019.html
Redmi Note 9 5G 天玑800U 18W快充 4800万超清三摄 青山外 8GB+128GB 智能 小米 红米,1099.00,100万+,小米京东自营旗舰店,"自营,放心购",https://item.jd.com/100009596081.html
Apple iPhone 13 Pro Max (A2644) 128GB 石墨色 支持移动联通电信5G 双卡双待手机,8999.00,100万+,Apple产品京东自营旗舰店,"自营,券4000-600",https://item.jd.com/100014352535.html
红米6A 1300万高清相机 AI人脸解锁 12nm高性能处理器 3GB+32GB 流沙金 游戏智能 小米,599.00,50万+,小米京东自营旗舰店,"自营,放心购",https://item.jd.com/8264403.html
荣耀Play5T 22.5W超级快充 5000mAh大电池 6.5英寸护眼屏 全网通8GB+128GB极光蓝,999.00,50万+,荣耀京东自营旗舰店,"自营,放心购",https://item.jd.com/100011493273.html
Redmi Note 10 Pro 5G 天玑1100旗舰芯 67W快充 120Hz旗舰变速金刚屏 幻青 8GB+256GB 智能 小米红米,1799.00,50万+,小米京东自营旗舰店,"自营,放心购",https://item.jd.com/100011650805.html
荣耀畅玩20 5000mAh超大电池续航 6.5英寸大屏 莱茵护眼 4GB+128GB 极光蓝 双卡双待 全网通,899.00,50万+,荣耀京东自营旗舰店,"自营,放心购,赠",https://item.jd.com/100011207891.html
Redmi Note 11 Pro 5G 三星AMOLED高刷屏 1亿像素 67W快充 VC液冷散热 6GB+128GB 浅梦星河 小米 红米,1599.00,50万+,小米京东自营旗舰店,"自营,放心购,满800-30",https://item.jd.com/100015195315.html
Redmi Note 11 5G 天玑810 33W Pro快充 5000mAh大电池 4GB+ 128GB 微醺薄荷 智能 小米 红米,1199.00,50万+,小米京东自营旗舰店,"自营,放心购,券988-70,满800-30",https://item.jd.com/100015394627.html
Redmi Note 11E Pro 5G 三星AMOLED120Hz高刷屏 1亿像素 67W快充 8GB+128GB 神秘黑镜 小米 红米,1899.00,50万+,小米京东自营旗舰店,"自营,放心购,赠",https://item.jd.com/100034249800.html
Apple iPhone 13 Pro (A2639) 1TB 远峰蓝色 支持移动联通电信5G 双卡双待手机,11999.00,50万+,Apple产品京东自营旗舰店,"自营,券4000-600",https://item.jd.com/100014352521.html
Redmi K30 5G双模 120Hz流速屏 骁龙765G 前置挖孔双摄 索尼6400万后置四摄 30W快充 6GB+128GB 深海微光 游戏智能 小米 红米,1599.00,50万+,小米京东自营旗舰店,"自营,放心购",https://item.jd.com/100010617232.html
诺基亚（NOKIA）105 新 红色 直板按键 移动2G手机 老人老年手机 学生备用功能机 超长待机,149.00,50万+,诺基亚手机京东自营旗舰店,"自营,放心购",https://item.jd.com/100004791609.html
Redmi 9 全场景AI四摄 高性能游戏芯 4GB+64GB 碳素黑 智能手机 小米 红米,799.00,50万+,小米京东自营旗舰店,"自营,放心购",https://item.jd.com/100007673355.html
荣耀Play4T 全网通6GB+128GB大内存 极光蓝 4000mAh大电池 4800万AI摄影 6.39英寸魅眼屏,1288.00,50万+,荣耀京东自营旗舰店,"自营,放心购",https://item.jd.com/100007262711.html
Redmi K30 王一博同款 120Hz流速屏 前置挖孔双摄 索尼6400万后置四摄 4500mAh超长续航 27W快充 6GB+128GB 深海微光 游戏智能 小米 红米,1299.00,50万+,小米京东自营旗舰店,"自营,放心购",https://item.jd.com/100010338196.html
小米11 5G 骁龙888 2K AMOLED四曲面柔性屏 1亿像素 55W有线闪充 50W无线闪充 12GB+256GB 蓝色,3199.00,50万+,小米京东自营旗舰店,"自营,放心购,赠",https://item.jd.com/100017358352.html
"京品手机
Redmi K40游戏增强版 天玑1200旗舰处理器 67W闪充 120Hz高刷 12GB+128GB 暗影 电竞5G 小米 红米",1999.00,50万+,小米京东自营旗舰店,"自营,放心购",https://item.jd.com/100021205488.html
小米10S 骁龙870 哈曼卡顿对称式双扬立体声 12GB+256GB 白色 旗舰手机,2899.00,50万+,小米京东自营旗舰店,"自营,放心购",https://item.jd.com/100010562571.html
荣耀X30 骁龙6nm疾速5G芯 66W超级快充 120Hz全视屏 全网通版 8GB+128GB 晨曦金,1569.00,50万+,荣耀京东自营旗舰店,"自营,放心购,券988-70",https://item.jd.com/100016931001.html
vivo iQOO Neo5 12GB+256GB 夜影黑 骁龙870 独立显示芯片 66W闪充 专业电竞游戏 双模5G全网通iqooneo5,2699.00,50万+,iQOO京东官方自营旗舰店,"自营,放心购",https://item.jd.com/100018902008.html
飞利浦 PHILIPS E258S 移动/联通2G 宝石蓝 直板按键 老人机老人手机 老年功能手机学生功能机备用机,178.00,50万+,飞利浦手机京东自营旗舰店,"自营,放心购",https://item.jd.com/8717360.html
华为智选 Hi nova 9z 5G全网通手机 6.67英寸120Hz原彩屏 6400万像素超清摄影 66W快充8GB+256GB幻境森林,1799.00,50万+,华为京东自营官方旗舰店,"自营,放心购",https://item.jd.com/100022080099.html
华为 HUAWEI nova 8 Pro 麒麟985 5G SoC芯片Vlog视频双镜头 8GB+128GB 8号色全网通5G华为 （无充版）,3399.00,50万+,华为京东自营官方旗舰店,"自营,放心购",https://item.jd.com/100020882310.html
"京品手机
Redmi K40 Pro+ 骁龙888 三星E4旗舰120Hz高刷直屏 一亿像素夜景 12GB+256GB 晴雪 游戏电竞5G 小米红米",2799.00,50万+,小米京东自营旗舰店,"自营,放心购",https://item.jd.com/100018642468.html
"京品手机
荣耀50 1亿像素超清影像 5G 6.57英寸超曲屏 66W超级快充 3200万像素高清自拍 全网通版8GB+256GB 夏日琥珀",2399.00,20万+,荣耀京东自营旗舰店,"自营,放心购",https://item.jd.com/100023014900.html
Apple iPhone 13 (A2634) 128GB 蓝色 支持移动联通电信5G 双卡双待手机【大王卡】,5749.00,20万+,中国联通京东自营旗舰店,"自营,券4000-600,赠",https://item.jd.com/100014446101.html
"京品手机
荣耀Play5 5G 66W超级快充 6400万超清四摄 6.53英寸大屏 8GB+256GB 钛空银 双卡双待 全网通",1499.00,20万+,荣耀京东自营旗舰店,"自营,放心购,赠",https://item.jd.com/100011473965.html
Redmi 10X 5G 天玑820 双5G待机 4800万流光相机 水滴全面屏 8GB+128GB 胧月金 游戏智能老人 小米 红米,1699.00,20万+,小米京东自营旗舰店,"自营,放心购",https://item.jd.com/100013314458.html
Redmi K50 天玑8100 2K柔性直屏 OIS光学防抖 67W快充 5500mAh大电量 幽芒 8GB+128GB 5G智能 小米红米,2399.00,20万+,小米京东自营旗舰店,"自营,放心购",https://item.jd.com/100020076129.html
Redmi Note 9 4G 6000mAh大电池 骁龙662处理器 18W快充 羽墨黑 6GB+128GB 智能 小米 红米,999.00,20万+,小米京东自营旗舰店,"自营,放心购",https://item.jd.com/100016784108.html
飞利浦（PHILIPS）E163K 陨石黑 移动联通2G 老人手机 双卡双待 超长待机 老年 儿童 学生备用功能机,109.00,20万+,飞利浦手机京东自营旗舰店,"自营,放心购,秒杀,赠",https://item.jd.com/8184522.html
天语(K-Touch）Q31 三防老人手机 4000毫安时大电池超长待机 直板按键双卡双待 移动2G功能机 老年 黑色,128.00,20万+,天语手机京东自营官方旗舰店,"自营,放心购,赠",https://item.jd.com/6380419.html
Apple iPhone 12 mini (A2400) 128GB 黑色 手机 支持移动联通电信5G,5999.00,20万+,Apple产品京东自营旗舰店,自营,https://item.jd.com/100009077465.html
Redmi Note 10 5G 天玑700 6.5英寸FHD+高清屏 18W快充 月影银 8GB+256GB 智能 小米 红米,1499.00,20万+,小米京东自营旗舰店,"自营,放心购",https://item.jd.com/100011650787.html
Redmi K40S 骁龙870 三星E4 AMOLED 120Hz直屏 OIS光学防抖 67W快充 幻镜 12GB+256GB 5G智能 小米红米,2149.00,20万+,小米京东自营旗舰店,"自营,放心购,券1988-150,赠",https://item.jd.com/100020062335.html
荣耀Play5T Pro 6400万双摄 6.6英寸全视屏 22.5W超级快充 4000mAh大电池 全网通版8GB+128GB 幻夜黑,1199.00,20万+,荣耀京东自营旗舰店,"自营,放心购",https://item.jd.com/100013102513.html
小米11 Pro 5G 骁龙888 2K AMOLED四曲面柔性屏 67W无线闪充 3D玻璃工艺 8GB+128GB 绿色,3399.00,20万+,小米京东自营旗舰店,"自营,放心购,赠",https://item.jd.com/100010812171.html
"京品手机
OPPO Reno5 8+128GB 星河入梦 6400万水光人像四摄 65W超级闪充 5G",1999.00,20万+,OPPO京东自营官方旗舰店,"自营,放心购",https://item.jd.com/100009669367.html
荣耀60 前后双曲设计 1亿像素超清摄影 高通骁龙778G 5G 66W智慧超级快充 全网通版 8GB+256GB 亮黑色,2299.00,20万+,荣耀京东自营旗舰店,"自营,放心购,秒杀,券2480-100",https://item.jd.com/100029666212.html
"京品手机
realme 真我GT Neo闪速版 天玑1200 6400万索尼主摄 65W闪充 仅179g 骇客黑 12GB+256GB 双模5ggtneo",2199.00,20万+,真我realme京东自营旗舰店,"自营,放心购,赠",https://item.jd.com/100021883378.html
"京品手机
Redmi Note 9 Pro 5G 一亿像素 骁龙750G 33W快充 120Hz刷新率 湖光秋色 8GB+128GB 智能 小米 红米",1299.00,20万+,小米京东自营旗舰店,"自营,放心购",https://item.jd.com/100016799386.html
飞利浦（PHILIPS）E319 深海蓝 音乐手机 大屏超长待机 直板按键 移动联通2G 老人机 儿童学生老年备用功能机,169.00,20万+,飞利浦手机京东自营旗舰店,"自营,放心购,秒杀,赠",https://item.jd.com/100004542250.html
Redmi Note 11 4G FHD+ 90Hz高刷屏 5000万三摄 G88芯片 5000mAh电池 6GB+128GB 神秘黑境 小米 红米,1069.00,20万+,小米京东自营旗舰店,"自营,放心购,满800-30",https://item.jd.com/100016415675.html
HUAWEI nova 9 4G全网通 120Hz 后置5000万超感知影像 支持鸿蒙操作系统 8+256GB亮黑色 标配无充,2599.00,20万+,华为京东自营官方旗舰店,"自营,放心购",https://item.jd.com/100014438271.html
Redmi 10A 5000mAh大电量 1300万AI相机 八核处理器 指纹解锁 6GB+128GB 暗影黑 智能 小米 红米,899.00,20万+,小米京东自营旗舰店,"自营,放心购",https://item.jd.com/100020530719.html
OPPO K9x 8+128GB 银紫超梦 天玑810 5000mAh长续航 33W快充 90Hz电竞屏 6400万三摄 拍照5Goppok9x,1399.00,20万+,OPPO京东自营官方旗舰店,"自营,放心购,券1000-150",https://item.jd.com/100031192618.html
天语（K-Touch）N1 4G老人手机全网通移动联通电信VoLTE 超长待机大喇叭大按键学生老年礼物礼品 五福版,229.00,20万+,天语手机京东自营官方旗舰店,"自营,放心购,秒杀,赠",https://item.jd.com/100017679990.html
"京品手机
OPPO K9 Pro 8+128GB 黑曜武士 天玑1200 120Hz OLED电竞屏 60W超级闪充 6400万三摄 拍照 5G",1699.00,20万+,OPPO京东自营官方旗舰店,"自营,放心购,券780-100",https://item.jd.com/100014160777.html
小米11青春版 骁龙780G处理器 AMOLED柔性直屏 8GB+256GB 清凉薄荷 5G时尚,2069.00,20万+,小米京东自营旗舰店,"自营,放心购,秒杀,赠",https://item.jd.com/100010844217.html
荣耀畅玩9A 6.3英寸珍珠全面屏 震撼大音量 4GB+64GB 蓝水翡翠 移动联通电信4G全面屏 双卡双待,988.00,20万+,荣耀京东自营旗舰店,"自营,放心购",https://item.jd.com/100012134984.html
荣耀Play6T 6.74英寸高刷护眼屏 侧边指纹解锁 5000mAh大电池 全网通 5G手机 8GB+256GB 钛空银,1399.00,20万+,荣耀京东自营旗舰店,"自营,放心购,赠",https://item.jd.com/100036448548.html
Redmi K50Pro 天玑9000 AMOLED 2K柔性直屏 OIS光学防抖 120W快充 幽芒 12GB+256GB 5G智能 小米红米,3599.00,20万+,小米京东自营旗舰店,"自营,放心购,券1988-150,赠",https://item.jd.com/100020076099.html
荣耀Play5T 22.5W超级快充 5000mAh大电池 6.5英寸护眼屏 全网通8GB+128GB钛空银【电信新用户专享】,1199.00,20万+,荣耀京东自营旗舰店,"自营,放心购",https://item.jd.com/100027934416.html
"京品手机
一加 9 5G 享OPPO官方售后 120Hz 柔性屏12GB+256GB 鲸蓝 骁龙888 65W快充 哈苏专业模式 超广角拍照游戏",2999.00,20万+,一加手机京东自营官方旗舰店,"自营,放心购,满2800-500",https://item.jd.com/100010594805.html
华为畅享 20e 5000mAh大电池 6.3英寸高清大屏 4GB+128GB幻影紫 华为手机 双卡双待,999.00,20万+,华为京东自营官方旗舰店,"自营,放心购",https://item.jd.com/100015154659.html
Redmi Note 9 4G 6000mAh大电池 骁龙662处理器 18W快充 烟波蓝 6GB+128GB 智能 小米 红米,999.00,20万+,小米京东自营旗舰店,"自营,放心购",https://item.jd.com/100016784100.html
vivo iQOO Z5 8GB+128GB 造梦空间 骁龙778G 5000mAh长续航 120Hz高刷原色屏 双模5G全网通iqooz5,1699.00,20万+,iQOO京东官方自营旗舰店,"自营,放心购,券988-70",https://item.jd.com/100014128421.html
"京品手机
Redmi Note 9 Pro 5G 一亿像素 骁龙750G 33W快充 120Hz刷新率 碧海星辰 8GB+128GB 智能 小米 红米",1299.00,20万+,小米京东自营旗舰店,"自营,放心购",https://item.jd.com/100009586259.html
"京品手机
realme 真我Q3s 骁龙778G 5G 144Hz变帧屏 5000mAh大电池 8+128GB 星云色 5G",1419.00,20万+,真我realme京东自营旗舰店,"自营,放心购,券780-100",https://item.jd.com/100015042189.html
"京品手机
Redmi Note 9 Pro 5G 一亿像素 骁龙750G 33W快充 120Hz刷新率 静默星空 8GB+128GB 智能 小米 红米",1299.00,20万+,小米京东自营旗舰店,"自营,放心购",https://item.jd.com/100009586279.html
"京品手机
 vivo iQOO Neo5 SE 8GB+256GB 岩晶白 骁龙870 144Hz竞速屏 55W闪充 双模5G全网通 iqooneo5se",2099.00,20万+,iQOO京东官方自营旗舰店,"自营,放心购,满1500-300",https://item.jd.com/100016864291.html
OPPO A32 90Hz灵点屏 5000mAh超大电池 长续航 18W疾速快充 全面屏拍照视频 4GB+64GB 幻想蓝,899.00,20万+,OPPO京东自营官方旗舰店,"自营,放心购,券780-100",https://item.jd.com/100009588323.html
"京品手机
小米11 Ultra 至尊 5G 骁龙888 2K AMOLED四曲面柔性屏 影像新物种 12GB+512GB 黑色 游戏",4299.00,20万+,小米京东自营旗舰店,"自营,放心购,券988-70,赠",https://item.jd.com/100010812169.html
vivo iQOO Z5x 8GB+256GB 雾海白 44W闪充 5000mAh大电池 120Hz高刷屏 双模5G全网通iqooz5x,1599.00,20万+,iQOO京东官方自营旗舰店,"自营,放心购",https://item.jd.com/100014998497.html
Apple iPhone 13 mini (A2629) 256GB 蓝色 手机 支持移动联通电信5G,6199.00,20万+,Apple产品京东自营旗舰店,"自营,券4000-600",https://item.jd.com/100014352533.html
"京品手机
realme 真我GT 骁龙888 120Hz屏幕 65W闪充 12GB+256GB 深海飞艇 5g",2299.00,20万+,真我realme京东自营旗舰店,"自营,放心购,赠",https://item.jd.com/100018542370.html
OPPO Reno7 8+128GB 星夜黑 星钻工艺 前置索尼 IMX709 超感光猫眼镜头 高通骁龙778G 90Hz高感电竞屏 5G,2399.00,20万+,OPPO京东自营官方旗舰店,"自营,放心购,券1500-400",https://item.jd.com/100016155249.html
荣耀70 IMX800三主摄 双曲屏设计 高通骁龙778G Plus 66W快充 5G手机 8GB+256GB 冰岛幻境,2699.00,20万+,荣耀京东自营旗舰店,"自营,放心购,新品,满2680-150",https://item.jd.com/100023070501.html
荣耀X30i 7.45mm超薄全视屏 22.5W超级快充 6nm 5G疾速芯 全网通版 6G+128G 钛空银,1299.00,20万+,荣耀京东自营旗舰店,"自营,放心购",https://item.jd.com/100028087936.html
"京品手机
HUAWEI nova 8 SE 6400万高清四摄 支持66W超级快充 6.5英寸OLED大屏 8GB+128GB幻夜黑华为 标配无充",1699.00,20万+,华为京东自营官方旗舰店,"自营,放心购",https://item.jd.com/100016376331.html
OPPO K9s 8+128GB 幻紫流沙 骁龙778G 120Hz电竞屏 5000mAh长续航 6400万人像三摄 拍照 5G,1599.00,20万+,OPPO京东自营官方旗舰店,"自营,放心购,券1000-150,满1000-50",https://item.jd.com/100014951045.html
Apple 苹果 iPhone 11 手机 黑色 全网通 128GB【新包装】,3989.00,20万+,佳沪电商旗舰店,"秒杀,免邮,满1000-20,赠",https://item.jd.com/55666912716.html
vivo iQOO Neo6 SE 8GB+256GB 星际 高通骁龙870 双电芯80W闪充 OIS光学防抖 双模5G全网通iqooneo6se,2299.00,20万+,iQOO京东官方自营旗舰店,"自营,放心购",https://item.jd.com/100021888995.html
vivo Y70t 5G手机 6G+128GB 碧海蓝 4500mAh大电池 双引擎闪充 4800万后置三摄 双模5G全网通,1499.00,10万+,vivo京东自营官方旗舰店,"自营,放心购",https://item.jd.com/100021842080.html
小米12 骁龙8 Gen1 黄金手感 6.28英寸视感屏 120Hz高刷 5000万疾速影像 67W快充 8GB+128GB 紫色 5G,3699.00,10万+,小米京东自营旗舰店,"自营,放心购,券3000-500",https://item.jd.com/100017508655.html
荣耀X20 66W超级快充 120Hz高刷屏 6400万超清影像 4300mAh 全网通版 8GB+128GB 钛空银,1499.00,10万+,荣耀京东自营旗舰店,"自营,放心购",https://item.jd.com/100024791374.html
Redmi Note11T Pro 5G 天玑8100 144HzLCD旗舰直屏 67W快充 8GB+256GB时光蓝 5G智能 小米红米,2099.00,10万+,小米京东自营旗舰店,"自营,放心购,满800-30",https://item.jd.com/100023150115.html
HUAWEI P50 原色双影像单元 基于鸿蒙操作系统 万象双环设计 支持66W超级快充 8GB+128GB曜金黑 华为,4088.00,10万+,华为京东自营官方旗舰店,"自营,放心购",https://item.jd.com/100014453195.html
realme 真我GT Neo2 骁龙870 三星E4 AMOLED 120Hz旗舰屏 5000mAh大电池 65W闪充 12+256GB 黑薄荷 硬核游戏,2599.00,10万+,真我realme京东自营旗舰店,"自营,放心购,券1500-400,赠",https://item.jd.com/100026807974.html
飞利浦 PHILIPS E256S 移动联通2G 陨石黑 双屏翻盖大屏 老人机 老人手机 老年机老年学生备用机,288.00,10万+,飞利浦手机京东自营旗舰店,"自营,放心购,秒杀",https://item.jd.com/100000322417.html
飞利浦（PHILIPS）E109 陨石黑 环保材质 移动联通2G 直板按键 双卡双待 老人 儿童学生备用老年功能,89.00,10万+,飞利浦手机京东自营旗舰店,"自营,放心购,秒杀,赠",https://item.jd.com/100006166826.html
天语（K-Touch）E2 老人手机 电信老人机 直板按键大屏大字大声超长待机 学生备用2G老年功能机 铂光金,136.00,10万+,天语手机京东自营官方旗舰店,"自营,放心购,秒杀,赠",https://item.jd.com/4270023.html
荣耀畅玩20 5000mAh超大电池续航 莱茵护眼 4GB+128GB 钛空银 双卡双待 全网通 合约机 购机补贴版,899.00,10万+,荣耀京东自营旗舰店,"自营,放心购",https://item.jd.com/100021344324.html
"京品手机
三星 SAMSUNG Galaxy S21 5G 5G手机 骁龙888 超高清摄像 120Hz护目屏 8G+128G 丝雾白",3699.00,10万+,三星京东自营官方旗舰店,"自营,放心购",https://item.jd.com/100010090643.html
【可用上海消费券】小米 红米9A Redmi 9A 5000mAh大电量 智能老人手机大音量 晴空蓝 4G+64GB,639.00,10万+,头号卖家旗舰店,"免邮,赠",https://item.jd.com/72001005841.html
"京品手机
小米12X 骁龙870 黄金手感 6.28英寸视感屏 120Hz高刷 5000万超清主摄 67W快充 8GB+256GB 紫色 5G",2799.00,10万+,小米京东自营旗舰店,"自营,放心购,券988-70,赠",https://item.jd.com/100017508621.html
Redmi Note 9 4G 6000mAh大电池 骁龙662处理器 18W快充 羽墨黑 4GB+128GB 智能 小米 红米,899.00,10万+,小米京东自营旗舰店,"自营,放心购",https://item.jd.com/100009569227.html
小米红米9A 智能老人手机 4G全网通 湖光绿 4+64G 官方标配,668.00,10万+,京东之家官方旗舰店,"秒杀,免邮",https://item.jd.com/10029147987226.html
vivo iQOO 8 12GB+256GB 耀 120W闪充 骁龙888 独立显示芯片 KPL官方赛事电竞 双模5G全网通iqoo8,3299.00,10万+,iQOO京东官方自营旗舰店,"自营,放心购",https://item.jd.com/100024540676.html
realme 真我GT 大师探索版 120Hz三星AMOLED曲面屏 索尼IMX766传感器 骁龙870 雪山 12GB+256GB 双模5G,2799.00,10万+,真我realme京东自营旗舰店,"自营,放心购,赠",https://item.jd.com/100012462503.html
Redmi K50 电竞版 全新骁龙8 双VC液冷散热 OLED柔性直屏 8GB+128GB 银翼 游戏电竞智能5G 小米 红米,2299.00,10万+,小米京东自营旗舰店,"自营,放心购,赠",https://item.jd.com/100018761917.html
小米12 Pro 骁龙8 Gen1 2K AMOLED 120Hz高刷 5000万疾速影像 120W小米澎湃秒充 8GB+256GB 蓝色 5G,4999.00,10万+,小米京东自营旗舰店,"自营,放心购,券3000-800",https://item.jd.com/100017508617.html
飞利浦（PHILIPS）E209 宝石蓝 老人手机 移动/联通2G 超长待机 老年机大字大声学生备用功能机,168.00,10万+,飞利浦手机京东自营旗舰店,"自营,放心购,赠",https://item.jd.com/100010300500.html
诺基亚（NOKIA）215 4G支付版 移动联通电信三网4G 黑色 直板按键 双卡双待 备用功能机 老人老年 学生机,249.00,10万+,诺基亚手机京东自营旗舰店,"自营,秒杀",https://item.jd.com/100015039641.html
vivo Y30标准版 4GB+128GB 云水蓝 5000mAh大电池 疾速侧面指纹解锁 全网通智能,1099.00,10万+,vivo京东自营官方旗舰店,"自营,放心购",https://item.jd.com/100012079387.html
Apple iPhone 13 (A2634) 128GB 蓝色 支持移动联通电信5G 双卡双待手机 苹果合约机 移动用户专享,5399.00,10万+,中国移动官方旗舰店,"自营,厂商配送,满3000-100",https://item.jd.com/100014382757.html
天语（K-Touch）N1 4G老人手机全网通移动联通电信VoLTE 超长待机大喇叭大按键学生商务智能老年 星空黑,189.00,10万+,天语手机京东自营官方旗舰店,"自营,放心购,秒杀,赠",https://item.jd.com/100017679956.html
Redmi 9A 5000mAh 1300万AI相机 八核处理器 人脸解锁 4GB+128GB 晴空蓝 游戏智能 小米 红米【购机补贴版】,799.00,10万+,小米京东自营旗舰店,"自营,放心购",https://item.jd.com/100016423716.html
诺基亚 NOKIA 125 蓝色 直板按键 移动2G手机 双卡双待 老人老年手机 学生备用功能机 超长待机,179.00,10万+,诺基亚手机京东自营旗舰店,"自营,秒杀",https://item.jd.com/100014661046.html
vivo iQOO 9 12GB+256GB锋芒 E5超视网膜屏 全新一代骁龙8 120W超快闪充 KPL官方电竞双模5G全网通iqoo9,3999.00,10万+,iQOO京东官方自营旗舰店,"自营,放心购",https://item.jd.com/100017224821.html
一加 9RT 12GB+256GB 骇客银 享OPPO官方售后 120Hz 高刷好屏 高通骁龙 888 65T快充 原神超广角拍照 5G,2999.00,10万+,一加手机京东自营官方旗舰店,"自营,放心购,券1500-300,赠",https://item.jd.com/100015021633.html
"京品手机
Redmi Note 9 5G 天玑800U 18W快充 4800万超清三摄 云墨灰 8GB+128GB 游戏智能 小米 红米【购机补贴版】",1399.00,10万+,小米京东自营旗舰店,"自营,放心购",https://item.jd.com/100017162610.html
天语（K-Touch）S8全网通4G智能老人手机移动联通电信VoLTE 4G双卡直板按键超长待机备用老年 黑色,259.00,10万+,天语手机京东自营官方旗舰店,"自营,放心购,赠",https://item.jd.com/100003242113.html
U-Magic/优畅享20 Plus 5G 40W超级快充 90Hz高刷真全屏 6GB+128GB幻夜黑全网通5G【华为智选】,1399.00,10万+,华为京东自营官方旗舰店,自营,https://item.jd.com/100013035471.html
天语（K-Touch）V3S 全网通4G智能翻盖老人手机 4G移动联通电信VoLTE 按键超长待机 学生备用老年 典雅黑,239.00,10万+,天语手机京东自营官方旗舰店,"自营,放心购,赠",https://item.jd.com/100017584874.html
诺基亚（NOKIA）105 4G 移动联通电信三网4G 黑色 双卡双待 老人老年手机 学生备用机 语音播报 支持移动支付,199.00,10万+,诺基亚手机京东自营旗舰店,"自营,秒杀,赠",https://item.jd.com/100022883640.html
荣耀50 SE 1亿像素超清影像 5G 6.78英寸全视屏 66W超级快充 全网通版 8GB+256GB流光幻镜,1999.00,10万+,荣耀京东自营旗舰店,"自营,放心购",https://item.jd.com/100011946439.html
黑鲨4 8GB+128GB 风暴蓝 骁龙870 磁动力升降肩键 120W极速闪充 144Hz三星E4屏 对称立体声 5G电竞游戏,2099.00,10万+,黑鲨京东自营官方旗舰店,"自营,放心购,券11-10,赠",https://item.jd.com/100010404029.html
HUAWEI nova 9 Pro 双3200万前置Vlog镜头 100W超级快充 10亿色臻彩屏 8GB+256GB 9号色 华为鸿蒙,3099.00,10万+,华为京东自营官方旗舰店,"自营,放心购",https://item.jd.com/100014438267.html
vivo Y32 4GB+64GB 雾夜黑 高通骁龙680 5000mAh大电池 疾速侧面指纹 全网通智能,999.00,10万+,vivo京东自营官方旗舰店,"自营,放心购",https://item.jd.com/100017385175.html
OPPO Find X3 8+128GB 镜黑 5000万双主摄IMX766 10亿色臻彩屏 60倍显微镜 骁龙870 年度旗舰 5G,3699.00,10万+,OPPO京东自营官方旗舰店,"自营,放心购",https://item.jd.com/100018478708.html
Redmi K40 骁龙870 三星AMOLED 120Hz高刷直屏 4800万高清三摄 8GB+128GB 亮黑 游戏电竞5G 小米 红米,2199.00,10万+,小米京东自营旗舰店,"自营,放心购",https://item.jd.com/100010428315.html
Redmi Note 9 4G 6000mAh大电池 骁龙662处理器 18W快充 雾光青 6GB+128GB 智能 小米 红米,999.00,10万+,小米京东自营旗舰店,"自营,放心购",https://item.jd.com/100016784116.html
荣耀X20 SE 6400万高清AI三摄 6.6英寸超窄边全视屏 22.5W超级快充长续航 全网通版 8GB+128GB幻夜黑,1299.00,10万+,荣耀京东自营旗舰店,"自营,放心购",https://item.jd.com/100023347476.html
华为/HUAWEI P50 Pro 原色双影像单元 万象双环设计 基于鸿蒙操作系统 支持66W快充 8GB+256GB曜金黑华为,5988.00,10万+,华为京东自营官方旗舰店,"自营,放心购",https://item.jd.com/100016944073.html
vivo iQOO Neo5 活力版 骁龙870 144Hz竞速屏 44W闪充 双模5G全网通手机 8GB+256GB 极夜黑 iqooneo5活力版,1999.00,10万+,iQOO京东官方自营旗舰店,"自营,放心购",https://item.jd.com/100021594672.html
Apple iPhone 13 Pro Max (A2644) 128GB 苍岭绿色 支持移动联通电信5G 双卡双待【大王卡】,8999.00,5万+,中国联通京东自营旗舰店,"自营,券4000-600,赠",https://item.jd.com/100020043323.html
OPPO 一加 10 Pro 12GB+256GB万物青 享OPPO官方售后 全新骁龙8 120Hz柔性屏 哈苏影像2.0 80W超级闪充5G,4799.00,5万+,一加手机京东自营官方旗舰店,"自营,放心购,券1500-100,",https://item.jd.com/100017257703.html
vivo iQOO 7礼盒 12GB+256GB 传奇版 骁龙888 120W超快闪充 KPL官方赛事电竞 双模5G全网通,2599.00,5万+,iQOO京东官方自营旗舰店,"自营,放心购",https://item.jd.com/100022563731.html
"京品手机
realme 真我Q3s 骁龙778G 5G 144Hz变帧屏 5000mAh大电池 8+128GB 夜空蓝 5G 合约机 购机补贴版",1499.00,5万+,真我realme京东自营旗舰店,"自营,放心购",https://item.jd.com/100016653623.html
飞利浦（PHILIPS）E218L 炫舞红 双屏翻盖老人手机 移动联通2G 大字大声超长待机老年机 学生备用功能机,288.00,5万+,飞利浦手机京东自营旗舰店,"自营,放心购,赠",https://item.jd.com/100001860763.html
21KE 21克M1S Pro触屏老人机全网通4G 大屏功能机备用机【不支持微信抖音】黑色,379.00,5万+,21克手机旗舰店,"京东物流,赠",https://item.jd.com/1022456037.html
【12期免息可选】Apple 苹果 iPhone 13 (A2634) 全网通5G手机 午夜色 全网通 128G【官方标配】,5266.00,5万+,酷族数码旗舰店,"秒杀,满1000-70",https://item.jd.com/10037151069397.html
vivo S12 12GB+256GB 耀黑 一亿像素 4400万超清前置 KPL比赛用机测试认证 快充 智能 长续航 游戏 5G,2799.00,5万+,vivo京东自营官方旗舰店,"自营,放心购",https://item.jd.com/100017262415.html
飞利浦（PHILIPS）E163K 炫酷红 移动联通2G 老人手机 双卡双待 超长待机 老年 儿童 学生备用功能机,109.00,5万+,飞利浦手机京东自营旗舰店,"自营,放心购,秒杀,赠",https://item.jd.com/8184520.html
小米（MI）Redmi Note10 Pro 天玑1100旗舰芯 67W闪充 红米游戏手机 8GB+128GB 幻青,1399.00,5万+,中国移动官方旗舰店,"自营,厂商配送,满1399-30",https://item.jd.com/100011706825.html
华为/HUAWEI nova 9 SE 一亿像素超清摄影 创新Vlog体验 支持66W快充 8GB+256GB冰晶蓝 华为【无充版】,2199.00,5万+,华为京东自营官方旗舰店,"自营,放心购",https://item.jd.com/100019737805.html
Redmi Note 9 4G 6000mAh大电池 骁龙662处理器 18W快充 曙光橙 6GB+128GB 智能 小米 红米,999.00,5万+,小米京东自营旗舰店,"自营,放心购",https://item.jd.com/100009854121.html
realme真我GT Neo3 150W 天玑8100 150W光速秒充 独立显示芯片 8GB+256GB 狂飙黑 5G,2699.00,5万+,真我realme京东自营旗舰店,"自营,放心购,券59-10,赠",https://item.jd.com/100020041095.html
华为 HUAWEI Mate 30E Pro 5G麒麟990E SoC芯片 双4000万徕卡电影影像 8GB+128GB亮黑色全网通,4899.00,5万+,华为京东自营官方旗舰店,"自营,放心购",https://item.jd.com/100016170950.html
华为畅享 50 6000mAh大电池 22.5W超能续航 6.75英寸影音大屏 双卡双待 智能手机 8G+256GB 幻夜黑 鸿蒙,1699.00,5万+,华为京东自营官方旗舰店,"自营,放心购,新品",https://item.jd.com/100024857631.html
飞利浦 PHILIPS E256S 移动联通2G 炫酷红 双屏翻盖大屏 老人机 老人手机 老年机翻盖功能机学生备用功能机,288.00,5万+,飞利浦手机京东自营旗舰店,"自营,放心购,秒杀",https://item.jd.com/100000230600.html
诺基亚（NOKIA）C20 Plus 海洋蓝 双卡双待 移动联通电信三网4G智能手机 全面屏 大字体 大音量 老人老年机,779.00,5万+,诺基亚手机京东自营旗舰店,"自营,秒杀",https://item.jd.com/100022569730.html
Redmi Note 9 4G 6000mAh大电池 骁龙662处理器 18W快充 烟波蓝 4GB+128GB 智能 小米 红米,899.00,5万+,小米京东自营旗舰店,"自营,放心购",https://item.jd.com/100009576397.html
荣耀V40 5G 超级快充 5000万超感光影像 8GB+128GB幻夜黑 移动联通电信5G 双卡双待,3599.00,5万+,荣耀京东自营旗舰店,"自营,放心购",https://item.jd.com/100017865690.html
vivo iQOO U5x 8GB+128GB星光黑 骁龙680 5000mAh大电池 6.51英寸大屏幕 智慧三摄 全网通智能,1099.00,5万+,iQOO京东官方自营旗舰店,"自营,放心购,满1000-100",https://item.jd.com/100019150155.html
【12期免息可选】Apple 苹果 iPhone 13（A2634）iphone13 苹果13 手机 128G 午夜色 套装一：搭配 90天碎屏保障,5258.00,5万+,京东之家官方旗舰店,免邮,https://item.jd.com/10037092000781.html
"京品手机
三星 SAMSUNG Galaxy F52 5G 双模5G 120Hz全视屏 6400万四摄 游戏手机 8GB+128GB 薄暮黑",1349.00,5万+,三星京东自营官方旗舰店,"自营,放心购",https://item.jd.com/100021624934.html
荣耀Play6T Pro 天玑810 40W超级快充 6nm疾速芯 4800万超清双摄 全网通 5G手机 8GB+256GB 蔷薇金,1499.00,5万+,荣耀京东自营旗舰店,"自营,放心购",https://item.jd.com/100020779891.html
荣耀60 SE 120Hz十亿色曲面屏 66W超级快充 6400万Vlog相机 全网通版 5G手机 8GB+256GB 墨玉青,2499.00,5万+,荣耀京东自营旗舰店,"自营,放心购,赠",https://item.jd.com/100018533769.html
Redmi 9A 5000mAh 1300万AI相机 八核处理器 人脸解锁 4GB+128GB 湖光绿 游戏智能 小米 红米【购机补贴版】,799.00,5万+,小米京东自营旗舰店,"自营,放心购",https://item.jd.com/100010599159.html
华为智选 优畅享50 Plus 120Hz高刷 66W超级快充U-Magic 6400万AI影像 8GB+128GB 雅致黑 5G全网通【华为智选】,1799.00,5万+,华为京东自营官方旗舰店,自营,https://item.jd.com/100020468927.html
U-Magic/优畅享30e 5G 智慧双5G 22.5W安全快充 5000mAh大容量电池 4GB+128GB月光银 全网通【华为智选】,899.00,5万+,华为京东自营官方旗舰店,自营,https://item.jd.com/100017044359.html
"京品手机
Redmi Note11SE 5G 6.5英寸FHD+高清屏 5000mAh电池 天玑700 8GB+128GB 暗影黑 智能 小米 红米",1000.00,5万+,小米京东自营旗舰店,"自营,放心购,新品",https://item.jd.com/100023150131.html
Apple iPhone 13 Pro(A2639)256GB 苍岭绿色 支持移动联通电信5G 双卡双待手机【大王卡】,8799.00,5万+,中国联通京东自营旗舰店,"自营,券4000-600,赠",https://item.jd.com/100020043301.html
vivo X80 8GB+128GB 至黑 4nm天玑9000旗舰芯片 自研芯片V1+ 蔡司T*光学镜头 双电芯80W闪充 5G 拍照,3699.00,5万+,vivo京东自营官方旗舰店,"自营,放心购",https://item.jd.com/100021789729.html
OPPO Reno8 12GB+256GB 晴空蓝 80W超级闪充 5000万水光人像三摄 3200万前置索尼镜头 轻薄机身 5G,2999.00,5万+,OPPO京东自营官方旗舰店,"自营,放心购,新品,券1988-150",https://item.jd.com/100022870993.html
小米红米9A Redmi智能老人手机 4G+64G 晴空蓝 官方标配,659.00,5万+,疆界互联旗舰店,,https://item.jd.com/72001392854.html
"京品手机
realme 真我GT Neo闪速版 天玑1200 6400万索尼主摄 65W闪充 最终幻想 12GB+256GB 双模5g【购机补贴版】",2199.00,5万+,真我realme京东自营旗舰店,"自营,放心购",https://item.jd.com/100023871746.html
"京品手机
OPPO Reno5 5G 6400万水光人像四摄 65W超级闪充 8+128 星河入梦 全网通【购机补贴版】",2499.00,5万+,OPPO京东自营官方旗舰店,"自营,放心购",https://item.jd.com/100017286220.html
realme 真我GT Neo2T 天玑1200-AI 5G处理器 120Hz三星AMOLED屏 65W闪充 12+256GB 釉白 5G,2099.00,5万+,真我realme京东自营旗舰店,"自营,放心购,券1000-300,赠",https://item.jd.com/100015029789.html
vivo T1 5G手机 8GB+128GB 电光青 高通骁龙778G 5000mAh大电池 6400万超清影像 游戏 拍照,1699.00,5万+,vivo京东自营官方旗舰店,"自营,放心购",https://item.jd.com/100014581613.html
天语（K-Touch）V9S全网通4G高端翻盖手机移动联通电信老人手机学生商务备用老人机大按键老年 中国红,299.00,5万+,天语手机京东自营官方旗舰店,"自营,放心购,赠",https://item.jd.com/100014020151.html
OPPO A55s 6+128GB 轻快蓝 双模5G 超大存储 5000mAh超大电池 长续航 后置AI三摄 超清画质 拍照,1099.00,5万+,OPPO京东自营官方旗舰店,"自营,放心购",https://item.jd.com/100022062547.html
vivo Y52s 5G手机 8GB+128GB 莫奈彩 5000mAh大电池 4800万影像系统 90Hz灵动护眼屏 双模5G全网通,1699.00,5万+,vivo京东自营官方旗舰店,"自营,放心购",https://item.jd.com/100009737523.html
Apple 苹果iPhone 13 (A2634) 5G手机 午夜色 128GB【官方标配】,5199.00,5万+,疆界互联旗舰店,赠,https://item.jd.com/10035736086423.html
【低至1799起】红米K40S手机 Redmi K40S 5G小米手机 12G+256G 银迹 官方标配【碎屏险+晒单有礼】,2369.00,5万+,疆界互联旗舰店,"秒杀,满2369-360,赠",https://item.jd.com/10026886134510.html
【企业购】小米11青春版 骁龙780G处理器 AMOLED柔性直屏 8GB+128GB 冰峰黑提 5G时尚,2099.00,5万+,小米京东自营旗舰店,"自营,放心购",https://item.jd.com/100014330951.html
小米11青春版 骁龙780G处理器 8GB+128GB 冰峰黑提 5G时尚游戏手机 合约机 购机补贴版,2099.00,5万+,小米京东自营旗舰店,"自营,放心购",https://item.jd.com/100022512628.html
"京品手机
realme 真我Q3s 骁龙778G 5G 144Hz变帧屏 5000mAh大电池 8+128GB 星云色 5G",1599.00,5万+,真我realme京东自营旗舰店,"自营,放心购",https://item.jd.com/100015540147.html
"京品手机
realme 真我Q3s 骁龙778G 5G 144Hz变帧屏 5000mAh大电池 8+128GB 星云色 5G 合约机 购机补贴版",1499.00,5万+,真我realme京东自营旗舰店,"自营,放心购",https://item.jd.com/100016653597.html
Apple 苹果 iPhone 13 (A2634) 全网通 5G手机 128GB绿色 官方标配,5288.00,5万+,茄子手机旗舰店,"免邮,赠",https://item.jd.com/10037124191797.html
荣耀畅玩20 4G全网通老人学生智能手机 5000mAh续航 6.5英寸护眼大屏 幻夜黑 4+128G 套装一：搭配 90天碎屏险,838.00,5万+,京东之家官方旗舰店,"秒杀,免邮",https://item.jd.com/10029967640847.html
【套装】vivo iQOO Neo5SE骁龙870 144Hz竞速屏55W闪充5G全网通游戏智能 Neo5SE 12+256G矿影蓝 官方标配,2299.00,5万+,iQOO官方旗舰店,赠,https://item.jd.com/10032029457902.html
荣耀Magic4 全新一代骁龙8 双曲屏设计 LTPO屏幕 潜望式长焦摄像头 7P广角主摄 5G 全网通版 8GB+256GB 釉白,4499.00,5万+,荣耀京东自营旗舰店,"自营,放心购,满3880-200,赠",https://item.jd.com/100019185017.html
vivo iQOO 8 Pro 12GB+512GB 赛道版 骁龙888Plus 120W超快闪充 2K超视网膜屏 超声波指纹 5G全网通iqoo8pro,4999.00,5万+,iQOO京东官方自营旗舰店,"自营,放心购,满4000-1150",https://item.jd.com/100012935741.html
Apple iPhone 13 (A2634) 128G 粉色 支持移动联通电信5G 双卡双待手机,5399.00,5万+,京东移动生态自营专区,"自营,厂商配送,满5399-100,赠",https://item.jd.com/100017712475.html
飞利浦（PHILIPS）E527 宝石蓝 老人手机 移动联通电信全网通4G 直板按键 儿童学生备用功能机老年机 老年机,279.00,5万+,飞利浦手机京东自营旗舰店,"自营,放心购,秒杀,赠",https://item.jd.com/100017333194.html
飞利浦 PHILIPS E536 骑士黑 4G全网通老人手机 双卡双待超长待机 大字大声大按键老年机 学生儿童备用功能机,228.00,5万+,飞利浦手机京东自营旗舰店,"自营,放心购,券200-40,赠",https://item.jd.com/100025953464.html
飞利浦（PHILIPS）E219 摩卡金 翻盖老年手机 移动联通2G 双卡双待 老人 学生备用功能机 商务机 儿童机,289.00,5万+,飞利浦手机京东自营旗舰店,"自营,放心购,赠",https://item.jd.com/100004015285.html
飞利浦（PHILIPS）E268 移动卡专用 按键直板老人机超长待机大字大声老年手机学生备用功能机 绚丽红,99.00,5万+,智加手机专营店,,https://item.jd.com/25321808904.html
realme 真我GT 大师探索版 骁龙870 雪山 12GB+256GB 双模5G手机 gt 合约机 购机补贴版,3199.00,5万+,真我realme京东自营旗舰店,"自营,放心购",https://item.jd.com/100024849384.html
摩托罗拉moto edge S30 骁龙888+ 1亿像素 144Hz高刷电竞屏 5000mAh大电池 5G旗舰 12GB+256GB 魅影黑,1999.00,5万+,摩托罗拉手机京东自营官方旗舰店,"自营,秒杀",https://item.jd.com/100016592733.html
vivo iQOO 9 Pro 8GB+256GB 燃擎 2KE5超视网膜屏 全新一代骁龙8 超声波指纹 双模5G全网通iqoo9pro,4999.00,5万+,iQOO京东官方自营旗舰店,"自营,放心购,满4000-800",https://item.jd.com/100017224817.html
Redmi Note 11 5G 天玑810 8GB+ 128GB 浅梦星河 小米 红米 合约机 购机补贴版,1499.00,5万+,小米京东自营旗舰店,"自营,放心购",https://item.jd.com/100016577131.html
vivo iQOO Neo6 12GB+256GB 蓝调 全新一代骁龙8 独立显示芯片Pro 双电芯80W闪充 双模5G全网通iqooneo6,3299.00,5万+,iQOO京东官方自营旗舰店,"自营,放心购",https://item.jd.com/100020571721.html
Apple 苹果13 (A2634) 5G 双卡双待手机 午夜色 128GB（标配）,5308.00,5万+,炜东电商旗舰店,免邮,https://item.jd.com/10037526256284.html
OPPO Find X3 Pro 骁龙888 5000万双主摄IMX766 10亿色臻彩屏 60倍显微镜 12+256GB 镜黑 5G拍照旗舰,3799.00,5万+,OPPO京东自营官方旗舰店,"自营,放心购",https://item.jd.com/100018478710.html
OPPO 一加 Ace 12GB+256GB 开黑 享OPPO官方售后 天玑8100-MAX 150W闪充 120Hz电竞直屏 游戏独显芯片 5G,2999.00,5万+,一加手机京东自营官方旗舰店,"自营,放心购,券1500-30,满2000-300",https://item.jd.com/100021103361.html
飞利浦（PHILIPS）E289 红色 电信移动联通4G全网通 智能老人手机 WiFi热点 直板按键老年机 儿童学生,299.00,5万+,飞利浦手机京东自营旗舰店,"自营,放心购,赠",https://item.jd.com/100005297504.html
Apple iPhone 13 Pro (A2639) 256GB 苍岭绿色 支持移动联通电信5G 双卡双待手机 合约机 购机补贴版,8799.00,5万+,Apple产品京东自营旗舰店,自营,https://item.jd.com/100019899077.html
飞利浦（PHILIPS）E517A 绚丽红 老人手机 移动联通电信全网通4G 直板按键 儿童学生备用功能机4G 老年,219.00,5万+,飞利浦手机京东自营旗舰店,"自营,放心购,秒杀,赠",https://item.jd.com/100008529795.html
"京品手机
华为智选 优畅享50 5000mAh大容量电池 智慧双5G U-Magic 22.5W安全快充 8GB+128GB 月光银 5G全网通",1199.00,5万+,华为京东自营官方旗舰店,"自营,新品",https://item.jd.com/100025447519.html
vivo iQOO Z5x 8GB+128GB 透镜黑 44W闪充 5000mAh大电池 120Hz高刷屏 双模5G全网通iqooz5x,1599.00,5万+,iQOO京东官方自营旗舰店,"自营,放心购",https://item.jd.com/100033632192.html
摩托罗拉 edge s pro 旗舰骁龙870 1亿像素 50X潜望式变焦 10亿色144Hz臻彩屏 轻薄5G 8GB+128GB 静夜思,2699.00,5万+,摩托罗拉手机京东自营官方旗舰店,自营,https://item.jd.com/100012926117.html
"京品手机
OPPO 一加 Ace 竞速版 12GB+256GB竞技灰享OPPO官方售后 天玑8100-MAX 120Hz变速电竞直屏游戏稳帧引擎5G",2299.00,5万+,一加手机京东自营官方旗舰店,"自营,放心购,新品,券780-100",https://item.jd.com/100022199561.html
小米红米9A Redmi智能老人手机(红米10A店内可选） 砂石黑 官方标配 (4GB+64GB),645.00,5万+,淘金手机旗舰店,免邮,https://item.jd.com/71879275107.html
Apple 苹果 iPhone 13 全网通5G手机 午夜黑 128G,5298.00,5万+,微焱数码旗舰店,免邮,https://item.jd.com/10036371116772.html
"爱心东东
华为mate40pro 5G手机 亮黑色 8+256G全网通（5G版）",8399.00,5万+,炜东电商旗舰店,"免邮,赠",https://item.jd.com/10023108638660.html
飞利浦（PHILIPS）E506 星空黑 老人手机 移动联通电信三网4G 直板按键 儿童学生商务备用功能机4G 老年,195.00,5万+,飞利浦手机京东自营旗舰店,"自营,放心购,秒杀,赠",https://item.jd.com/100020029694.html
小米Civi3200万双柔光自拍120Hz曲面原色屏4500mAh大电量立体双扬声器丝绒AG工艺5G12G+256GB粉色,2899.00,5万+,小米京东自营旗舰店,"自营,放心购,赠",https://item.jd.com/100014628907.html
【24期免息套餐可选】Apple 苹果 iPhone 12 全网通5G手机【苹果13店内可选】 黑色 128G 套餐二：搭配 20W原装闪充头,4748.00,5万+,酷族数码旗舰店,赠,https://item.jd.com/10023605369767.html
诺基亚 NOKIA 新150 黑色 直板按键 移动2G手机 双卡双待 老人老年手机 学生备用功能机 超长待机,219.00,5万+,诺基亚手机京东自营旗舰店,"自营,放心购,秒杀",https://item.jd.com/100007407545.html
Apple苹果 iPhone 13 (A2634) 双卡双待全网通5G手机 128GB 星光色 官方标配+90天碎屏险,5239.00,5万+,OKSJ手机旗舰店,免邮,https://item.jd.com/10037140759111.html
HUAWEI nova 10 【内置66W华为超级快充】 前置6000万超广角镜头 6.88mm轻薄机身 128GB 绮境森林 华为,2699.00,5万+,华为京东自营官方旗舰店,"自营,放心购,新品",https://item.jd.com/100027028253.html
纽曼（Newman）L99S 4G全网通老人手机2.4英寸移动联通电信双卡双待老年机 备用按键大声音 红色 移动版,79.00,5万+,纽曼手机旗舰店,"免邮,券10-1",https://item.jd.com/31356761705.html
Redmi Note11T Pro+ 5G 天玑8100 144HzLCD旗舰直屏120W快充 8GB+128GB时光蓝 5G智能 小米红米,1969.00,5万+,小米京东自营旗舰店,"自营,放心购,秒杀,满800-30",https://item.jd.com/100023150137.html
华为智选 鼎桥/TD Tech M40 智能手机 5G旗舰性能 6400万超感知影像 全网通 8GB+128GB 亮黑色,3499.00,5万+,华为京东自营官方旗舰店,"自营,赠",https://item.jd.com/100026086859.html
OPPO A36 8+256GB 晴川蓝 高通骁龙680 5000mAh长续航 90Hz护眼炫彩屏 大内存游戏拍照oppoa36,1599.00,5万+,OPPO京东自营官方旗舰店,"自营,放心购",https://item.jd.com/100017932979.html
小米红米9A 智能老人手机 湖光绿 全网通(4GB+128GB),708.00,5万+,鹏瑶旗舰店,"免邮,赠",https://item.jd.com/10021640915244.html
天语P50Pro全网通4G智能手机128G大内存大屏幕学生游戏千元机人脸解锁超长待机老人微信软件多开 境黑 全网通8+128GB套餐版,709.00,5万+,极客小酷旗舰店,免邮,https://item.jd.com/10020402495983.html
"京品手机
HUAWEI nova 8 SE 6400万高清四摄 支持66W超级快充 6.5英寸OLED大屏 8GB+128GB银月星辉华为 标配无充",1699.00,5万+,华为京东自营官方旗舰店,"自营,放心购",https://item.jd.com/100029707258.html
荣耀畅玩30 Plus 22.5W超级快充 5000mAh长续航 6.74英寸高刷护眼大屏 全网通版 4GB+128GB 钛空银,1099.00,5万+,荣耀京东自营旗舰店,"自营,放心购",https://item.jd.com/100017179435.html
vivo X70 Pro+ 骁龙888 Plus 2K屏幕 IP68级防水 全四摄光学防抖 50W无线闪充 5G 12GB+256GB 至黑,5999.00,5万+,vivo京东自营官方旗舰店,"自营,放心购",https://item.jd.com/100025643272.html
OPPO K10 暗夜黑 8+128GB 天玑 8000-MAX 金刚石VC液冷散热 120Hz高帧变速屏 旗舰5G,1999.00,5万+,OPPO京东自营官方旗舰店,"自营,放心购,券1988-150,赠",https://item.jd.com/100021537031.html
"京品手机
OPPO K7 【学生专享】双模5G 骁龙765G 30W VOOC闪充 4800万超清四摄 8+128GB 海夜 全网通游戏电竞",1899.00,5万+,OPPO京东自营官方旗舰店,"自营,放心购",https://item.jd.com/100011426469.html
天语（K-Touch）S6 老人手机 4G全网通 移动联通电信版 超长待机 双卡双待 学生老年 功能机 魅力红,189.00,5万+,天语手机京东自营官方旗舰店,"自营,放心购,券169-10,赠",https://item.jd.com/100009285819.html
索爱（soaiy）Z6 翻盖老年人手机 移动联通2G 双卡双待大字大声语音播报 铁灰色,189.00,5万+,索爱（soaiy）手机京东自营旗舰店,"自营,放心购,秒杀,赠",https://item.jd.com/100009077014.html
OPPO A32 90Hz护眼灵点屏 5000mAh超大电池 长续航 18W极速闪充 游戏手机 4GB+64GB 琉璃黑【购机补贴版】,899.00,5万+,OPPO京东自营官方旗舰店,"自营,放心购",https://item.jd.com/100020116580.html
荣耀 Magic3 Pro 骁龙888Plus 6.76英寸超曲屏 多主摄计算摄影 66W有线50W无线双超级快充 12GB+256GB 釉白色,4499.00,5万+,荣耀京东自营旗舰店,"自营,放心购,赠",https://item.jd.com/100013228037.html
OPPO A96 8+128GB 琉璃幻彩 呼吸灯 高通八核5G芯片 33W快充 OLED超清屏 游戏拍照5Goppoa96,1599.00,5万+,OPPO京东自营官方旗舰店,"自营,放心购,券780-100,赠",https://item.jd.com/100017792523.html
飞利浦（PHILIPS）E309 4G老人手机 移动联通电信全网通 双卡双待学生直板按键超长待机备用老年 星空黑,179.00,2万+,飞利浦手机京东自营旗舰店,"自营,放心购,秒杀,券200-21,赠",https://item.jd.com/100014155533.html
OPPO K7x 5G新品手机90Hz电竞屏拍照游戏智能视频手机闪充拍照大电池 黑镜 8GB+256GB,1399.00,2万+,OPPO官方直营旗舰店,京东物流,https://item.jd.com/10023736250030.html
纽曼（Newman）N99 三防老人手机 超长待机 直板按键 双卡双待大声音老年机 学生移动2G按键备用功能机 黑色,99.00,2万+,纽曼京东自营官方旗舰店,"自营,放心购,秒杀,赠",https://item.jd.com/100005135335.html
"京品手机
realme 真我GT 骁龙888 120Hz屏幕 65W闪充 12GB+256GB曙光5g",3399.00,2万+,真我realme京东自营旗舰店,"自营,放心购",https://item.jd.com/100010540761.html
"京品手机
realme 真我GT 骁龙888 120Hz屏幕 65W闪充 12GB+256GB曙光5g【购机补贴版】",2299.00,2万+,真我realme京东自营旗舰店,"自营,放心购",https://item.jd.com/100010581741.html
Redmi K50 至尊版 骁龙8+旗舰处理器 1亿像素光学防抖 120W+5000mAh 12GB+512GB 冰蓝 小米红米K50 Ultra,3699.00,2万+,小米京东自营旗舰店,"自营,放心购,新品",https://item.jd.com/100033901441.html
三星 SAMSUNG Galaxy S22 超视觉夜拍系统超清夜景 超电影影像系统 超耐用精工设计 8GB+256GB 浮光粉 5G,5799.00,2万+,三星京东自营官方旗舰店,"自营,放心购,赠",https://item.jd.com/100018354359.html
天语（K-Touch) Q8 全网通4G智能双卡双待三防老人手机 超长待机直板移动联通电信学生功能按键老年 黑色,278.00,2万+,天语手机京东自营官方旗舰店,"自营,放心购,秒杀,赠",https://item.jd.com/100005510773.html
vivo Y53s (t2版) 5G手机 8GB+256GB 星夜 5000mAh大电池 6400万超清主摄 90Hz高刷屏 双模5G全网通,1999.00,2万+,vivo京东自营官方旗舰店,"自营,放心购",https://item.jd.com/100025678750.html
vivo Y55s 5G手机 6GB+128GB 樱粉流星 6000mAh巨能量电池 200%超大音量扬声器 5000万超清主摄,1299.00,2万+,vivo京东自营官方旗舰店,"自营,放心购",https://item.jd.com/100030644686.html
华为nova9 se 新品手机【华为智选 hi nova9se 5G手机 白条12期分期可选】 【4G】nova9SE 幻夜黑 8G+128G（官方标配）,1799.00,2万+,久汇通手机旗舰店,"京东物流,免邮,满100-30,赠",https://item.jd.com/68377418804.html
OPPO K9s 6+128GB黑曜武士 全网通5G手机 oppo合约机 移动用户专享,1599.00,2万+,中国移动官方旗舰店,"自营,厂商配送",https://item.jd.com/100028335558.html
诺基亚（NOKIA）215 4G支付版 移动联通电信三网4G 蓝绿色 直板按键 双卡双待 备用功能机 老年人 学生机,249.00,2万+,诺基亚手机京东自营旗舰店,"自营,秒杀",https://item.jd.com/100027700260.html
小米（MI）Redmi Note 9 5G 8GB+128GB 青山外 双卡双待 超长续航 游戏 小米合约机 移动用户专享,1099.00,2万+,中国移动官方旗舰店,"自营,厂商配送,满1090-57",https://item.jd.com/100010709909.html
vivo T1x 5G手机 8GB+256GB 海盐 天玑900 5000mAh大电池 44W闪充 6400万超清影像 双模5G全网通,1799.00,2万+,vivo京东自营官方旗舰店,"自营,放心购",https://item.jd.com/100015116873.html
小米Redmi 红米9a 智能学生老人手机 砂石黑 4GB+64GB,639.00,2万+,京东电竞手机官方旗舰店,,https://item.jd.com/10030069933631.html
荣耀70 Pro IMX800三主摄 旗舰芯片 100W超级快充 5G手机 8GB+256GB 墨玉青,3699.00,2万+,荣耀京东自营旗舰店,"自营,放心购,新品,满3000-200",https://item.jd.com/100023070507.html
新款天语Max八核智能手机游戏超薄可用5G移动联通电信卡4G全网通百元便宜学生老人大屏双卡双待长续航 白色 8+128GB,699.00,2万+,金诚旗舰店,"免邮,券699-10",https://item.jd.com/65286433640.html
Apple手机iPhone苹果13全网通5G手机 午夜色 128G（官方标配）,5278.00,2万+,京联通达旗舰店,免邮,https://item.jd.com/10037194405024.html
纽曼 Newman L6 中国红 4G全网通 移动联通电信老人手机 超长待机 大字大声大按键老年机 学生儿童备用功能机,158.00,2万+,纽曼京东自营官方旗舰店,"自营,放心购,秒杀,券100-19,赠",https://item.jd.com/100007930091.html
HUAWEI nova 9 4G全网通120Hz 后置5000万超感知影像 搭载HarmonyOS 2 8+128GB 9号色华为 标配无充【购机补贴版】,2699.00,2万+,华为京东自营官方旗舰店,"自营,放心购",https://item.jd.com/100030521714.html
小米 红米9A Redmi9A 智能学生老人手机 4GB+128GB 砂石黑 【耳机壳膜套餐】,739.00,2万+,酷族数码旗舰店,赠,https://item.jd.com/10043008197451.html
华为nova10 新品手机 10号色 全网通8+128GB 内置华为66W充电套装,2619.00,2万+,京联通达旗舰店,"免邮,赠",https://item.jd.com/68373799831.html
vivo S15 12GB+256GB 盛夏 高通骁龙870 超感光影像系统 电影感人像大片 66W闪充 5G 快充 拍照,3299.00,2万+,vivo京东自营官方旗舰店,"自营,放心购,新品",https://item.jd.com/100022231337.html
纽曼 Newman A9 中国红 双屏翻盖老人手机超长待机大字体大声音 双卡双待老年机 老年学生儿童备用功能机,135.00,2万+,纽曼京东自营官方旗舰店,"自营,放心购,秒杀,赠",https://item.jd.com/100008245587.html
vivo Y72t 5G手机 8GB+128GB 碧海蓝 6000mAh巨能量电池 200%超大音量扬声器 5000万超清主摄,1399.00,2万+,vivo京东自营官方旗舰店,"自营,放心购,新品",https://item.jd.com/100022548211.html
飞利浦（PHILIPS） E163K 全网通4G老人手机大字体大声音移动联通双卡双待学生备用老年机 绚丽红(4G全网通),198.00,2万+,新迪恒数码专营店,"京东物流,券128-10",https://item.jd.com/19580485044.html
HUAWEI nova 9 4G全网通120Hz 后置5000万超感知影像 搭载HarmonyOS 2 8+256GB 9号色华为 标配无充,2999.00,2万+,华为京东自营官方旗舰店,"自营,放心购",https://item.jd.com/100030924066.html
多亲（QIN）Qin 1s +学生手机老年老人按键小手机双卡双待 移动联通4G 功能直板超长待机 瓷白色,399.00,2万+,多亲官方旗舰店,,https://item.jd.com/42828678308.html
realme 真我Q3s 骁龙778G 5G 144Hz变帧屏 5000mAh大电池 6+128GB 夜空蓝 5G,1299.00,2万+,真我realme京东自营旗舰店,"自营,放心购",https://item.jd.com/100015540149.html
realme 真我Q3s 骁龙778G 5G 144Hz变帧屏 5000mAh大电池 6+128GB 夜空蓝 5G 合约机 购机补贴版,1599.00,2万+,真我realme京东自营旗舰店,"自营,放心购",https://item.jd.com/100030125230.html
Hi nova 9 5G全网通 120Hz高刷 hinova9后置5000万超感光主摄 8+128GB梦幻星河 标配无充【华为智选】,2399.00,2万+,华为京东自营官方旗舰店,"自营,秒杀",https://item.jd.com/100016628383.html
vivo iQOO Z5x 5000mAh大电池长续航 44W闪充120Hz高刷 双模5G全网通手机 8GB 256GB雾海白 官方标配,1599.00,2万+,iQOO官方旗舰店,京东物流,https://item.jd.com/10038339827699.html
【24期免息可选】Apple 苹果 iPhone 13（A2634）全网通5G手机 星光色 全网通 128GB【官方标配】,5248.00,2万+,京东电竞手机官方旗舰店,京东物流,https://item.jd.com/10038334917291.html
纽曼 Newman L8 中国红 4G全网通 移动联通电信老人手机 超长待机 大字大声大按键老年机 学生儿童备用功能机,169.00,2万+,纽曼京东自营官方旗舰店,"自营,放心购,秒杀,赠",https://item.jd.com/100009095173.html
"京品手机
vivo iQOO Z5x 6GB+128GB 透镜黑 44W闪充 5000mAh大电池 120Hz高刷屏 双模5G全网通iqooz5x",1499.00,2万+,iQOO京东官方自营旗舰店,"自营,放心购",https://item.jd.com/100018997605.html
OPPO Reno7 Pro 12+256GB 暮雪金 5000万IMX766旗舰主摄 天玑1200-MAX旗舰芯片 65W超级闪充 5G,3699.00,2万+,OPPO京东自营官方旗舰店,"自营,放心购",https://item.jd.com/100016216537.html
守护宝（上海中兴）K210 黑色 4G全网通 老人手机带定位 直板按键 老人老年手机 儿童学生备用功能机,159.00,2万+,守护宝手机京东自营旗舰店,"自营,秒杀,赠",https://item.jd.com/100017613532.html
vivo S10 Pro 5G手机 12GB+256GB 绮光焕彩 后置一亿像素 自然柔光人像 光致变色工艺 6nm旗舰芯片,2399.00,2万+,vivo京东自营官方旗舰店,"自营,放心购",https://item.jd.com/100023397120.html
飞利浦 PHILIPS E259S 移动/联通2G 陨石黑 双屏翻盖 老人机 老人手机 老年手机 老年翻盖 学生机备用功能机,288.00,2万+,飞利浦手机京东自营旗舰店,"自营,放心购,秒杀",https://item.jd.com/100000695447.html
天语（K-Touch) Q1S 老人手机 全网通4G 双卡双待 大声音超长待机 移动联通电信版 老年机学生功能机 中国红,129.00,2万+,天语手机京东自营官方旗舰店,"自营,放心购,新品,赠",https://item.jd.com/100022097333.html
黑鲨4 Pro 12GB+256GB 棱镜灰 骁龙888 磁动力升降肩键 120W极速闪充 144Hz三星E4屏 SSD 5G电竞游戏,2699.00,2万+,黑鲨京东自营官方旗舰店,"自营,放心购,券11-10,赠",https://item.jd.com/100018568406.html
vivo S10 5G手机 8GB+256GB 绮光焕彩 超轻薄机身 前置4400万自然柔光人像 光致变色工艺 6nm旗舰芯片,2099.00,2万+,vivo京东自营官方旗舰店,"自营,放心购",https://item.jd.com/100012176097.html
小米11青春版 骁龙780G处理器 AMOLED柔性直屏 8GB+256GB 冰峰黑提 5G时尚游戏【购机补贴版】,2399.00,2万+,小米京东自营旗舰店,"自营,放心购",https://item.jd.com/100022512632.html
"爱心东东
荣耀畅玩20 手机 老人机 学生智能机 极光蓝 4G+128G 全网通",846.00,2万+,炜东电商旗舰店,"京东物流,免邮",https://item.jd.com/10029958500979.html
"京品手机
OPPO Find N 全新折叠旗舰 8GB+256GB 星夜 多角度自由悬停 120Hz镜面折叠屏 黄金折叠比例 骁龙888 5G",7699.00,2万+,OPPO京东自营官方旗舰店,"自营,放心购,赠",https://item.jd.com/100016803975.html
Redmi 10A 5000mAh大电量 1300万高清相机 八核处理器 手机红米小米 烟波蓝 4GB+64GB,699.00,2万+,小米手机官方旗舰店,免邮,https://item.jd.com/10047699370512.html
纽曼 Newman 9s 中国红 4G全网通 移动联通电信老人手机 超长待机 大字大声大按键老年机 学生儿童备用功能机,99.00,2万+,纽曼京东自营官方旗舰店,"自营,放心购,秒杀,赠",https://item.jd.com/100022665558.html
HUAWEI P50 原色双影像单元 搭载HarmonyOS 2 万象双环设计 支持66W超级快充 8GB+256GB雪域白 华为【购机补贴版】,4988.00,2万+,华为京东自营官方旗舰店,"自营,放心购",https://item.jd.com/100022982981.html
麦芒 9 5G手机 6400万高清三摄6.8英寸全高清大屏 4300mAh大电池8GB+128GB绮境森林5G全网通 华为智选,1049.00,2万+,华为京东自营官方旗舰店,自营,https://item.jd.com/100007940951.html
"京品手机
realme 真我GT Neo2 骁龙870 120Hz旗舰屏 5000mAh大电池 65W闪充 8+128GB 黑薄荷 5G",2499.00,2万+,真我realme京东自营旗舰店,"自营,放心购",https://item.jd.com/100028583720.html
"京品手机
realme 真我GT Neo2 骁龙870 120Hz旗舰屏 5000mAh大电池 65W闪充 8+128GB 黑薄荷 5G【购机补贴版】",2499.00,2万+,真我realme京东自营旗舰店,"自营,放心购",https://item.jd.com/100030125226.html
华为 Mate40 /Mate40e 5G 手机【支持鸿蒙HarmonyOs】 亮黑色 mate40E(8+128G)+碎屏险【5G】,5669.00,2万+,掌视界数码旗舰店,"秒杀,免邮,满1000-130,赠",https://item.jd.com/10027888104233.html
小米Redmi红米K40 5G游戏手机 全网通【K40S店内可选】 亮黑 12+256G【K40S】 官方标配【享90天碎屏宝】,1999.00,2万+,京东之家官方旗舰店,免邮,https://item.jd.com/10030834257228.html
vivo iQOO U5 5G手机全网通 骁龙695 8+128GB 银白色 vivo合约机 移动用户专享,1399.00,2万+,中国移动官方旗舰店,"自营,厂商配送",https://item.jd.com/100032523406.html
小米 红米Note9 5G手机 云墨灰 8GB+128GB,979.00,2万+,京铠玄手机旗舰店,"免邮,赠",https://item.jd.com/10024818958957.html
Apple 苹果 iPhone 12 全网通5G手机 绿色 128GB,4628.00,2万+,微焱数码旗舰店,"免邮,赠",https://item.jd.com/10023046358798.html
守护宝（上海中兴）K230 红色 4G全网通 老人手机 移动联通电信老人机 老年机 直板按键儿童 学生,199.00,2万+,守护宝手机京东自营旗舰店,"自营,秒杀,赠",https://item.jd.com/100008736995.html
三星 SAMSUNG Galaxy Z Flip3 5G 折叠屏 双模5G手机 立式交互体验 IPX8防水 8GB+256GB黑 陨石海岸,7199.00,2万+,三星京东自营官方旗舰店,"自营,放心购,赠",https://item.jd.com/100013225229.html
纽曼（Newman） N220 4G全网通老人手机移动联通电信 三网双卡双待 大字大声大按键学生老年蓝色,99.00,2万+,纽曼京东自营官方旗舰店,"自营,放心购,秒杀,赠",https://item.jd.com/100014228015.html
小米11青春活力版 骁龙778G处理器 AMOLED柔性直屏 樱花蜜粉 8GB+256GB 5G时尚,2099.00,2万+,小米京东自营旗舰店,"自营,放心购,赠",https://item.jd.com/100016760153.html
摩托罗拉moto edge X30 新骁龙8旗舰 超大底前后三主摄 10亿色144Hz超感臻彩屏 5G拍照 8GB+256GB 琼台雪,2399.00,2万+,摩托罗拉手机京东自营官方旗舰店,"自营,秒杀,券1988-150",https://item.jd.com/100016592737.html
Apple iPhone SE(A2785)64G 星光色 支持移动联通电信5G手机,3499.00,2万+,Apple产品京东自营旗舰店,自营,https://item.jd.com/100019718253.html
华为 Mate40 Pro 5G 手机【支持鸿蒙HarmonyOs】 亮黑色 全网通(8G+256G)品牌充电套装,8749.00,2万+,掌视界数码旗舰店,"免邮,赠",https://item.jd.com/10022926646994.html
OPPO A93 8+256GB 炫黑 骁龙双模5G 超大存储 5000mAh大电池 18W疾速快充 90Hz高刷屏 4800万三摄 全面屏【购机补贴版】,1999.00,2万+,OPPO京东自营官方旗舰店,"自营,放心购",https://item.jd.com/100011333729.html
黑鲨4S 12GB+128GB 玄黑 磁动力升降肩键 120W极速闪充 高通骁龙870 三星144Hz电竞屏 鲨鲨酱 5G游戏,2299.00,2万+,黑鲨京东自营官方旗舰店,"自营,放心购,券11-10,赠",https://item.jd.com/100014316003.html
OPPO A93s 8+256GB 白桃汽水 双模5G 超大存储 5000mAh大电池 18W双芯快充 90Hz高刷屏 全面屏,1799.00,2万+,OPPO京东自营官方旗舰店,"自营,放心购,赠",https://item.jd.com/100012618699.html
小米12S Ultra 骁龙8+旗舰处理器 徕卡光学镜头 2K超视感屏 120Hz高刷 67W快充 8GB+256GB 经典黑 5G,5999.00,2万+,小米京东自营旗舰店,"自营,放心购",https://item.jd.com/100027789669.html
OPPO A35 4GB+128GB 琉璃黑 轻薄时尚外观 AI智能三摄 全网通拍照手机,1199.00,2万+,OPPO京东自营官方旗舰店,"自营,放心购",https://item.jd.com/100011022825.html
OPPO A32新品手机A11同系大电池千元拍照游戏智能视频拍照大电池手机 琉璃黑 8GB+128GB,1199.00,2万+,OPPO官方直营旗舰店,京东物流,https://item.jd.com/10021336176762.html
OPPO A93 【频道专享】8+256GB 炫黑 骁龙双模5G 超大存储 5000mAh大电池 18W疾速快充 全面屏,1999.00,2万+,OPPO京东自营官方旗舰店,"自营,放心购",https://item.jd.com/100028425708.html
金立G600 老人手机语音王按键老年手机无摄像头车间保密手机学生儿童大字超长待机老年机大声老人机 红色移动版,89.90,2万+,亿冠手机专营店,京东物流,https://item.jd.com/70032027013.html
vivo iQOO 10 8GB+256GB 赛道版 第一代骁龙8+ 自研芯片V1+ E5超视网膜屏 120W超快闪充 5G电竞 iqoo10,3999.00,2万+,iQOO京东官方自营旗舰店,"自营,放心购,赠",https://item.jd.com/100028173715.html
OPPO 一加 Ace Pro 16GB+256GB 青雾 享OPPO官方售后 骁龙8+旗舰芯 长寿版150W闪充 游戏稳帧引擎 5G游戏,3799.00,2万+,一加手机京东自营官方旗舰店,"自营,放心购,新品",https://item.jd.com/100029049501.html
"爱心东东
【现货速发】荣耀50-荣耀50Pro 5G手机 1亿像素超清影像 荣耀50 亮黑 8+256G 套装一：搭配 90天碎屏险",1998.00,2万+,京东之家官方旗舰店,"秒杀,免邮",https://item.jd.com/10032144685919.html
realme 真我GT2 Pro 全新一代骁龙8 2K无级变帧屏 50MP旗舰双主摄 12GB+512GB 大师·纸 5G,4499.00,2万+,真我realme京东自营旗舰店,"自营,放心购,券59-10,赠",https://item.jd.com/100017614757.html
"爱心东东
华为mate40 Pro 5G手机 秘银色8G+256G 5G版全网通",8499.00,2万+,疆界互联旗舰店,赠,https://item.jd.com/10022870940084.html
荣耀Magic4 Pro 全新一代骁龙8 四曲屏设计 LTPO屏幕 潜望式长焦摄像头 全网通版12GB+256GB 亮黑,5899.00,2万+,荣耀京东自营旗舰店,"自营,放心购,满3880-200,赠",https://item.jd.com/100019185045.html
小米 红米 Redmi Note9 4G 手机 雾光青 6GB+128GB,918.00,2万+,茄子手机旗舰店,免邮,https://item.jd.com/10024783384492.html
"京品手机
OPPO K10 Pro 晴蓝 8+128GB 高通骁龙888 80W超级闪充 索尼IMX766旗舰传感器 OLED屏幕 5G",2399.00,2万+,OPPO京东自营官方旗舰店,"自营,放心购,秒杀,券1500-300,赠",https://item.jd.com/100021537059.html
"爱心东东
华为nova9 手机 9号色 8+128G全网通",2119.01,2万+,炜东电商旗舰店,"京东物流,免邮,赠",https://item.jd.com/10036491869801.html
飞利浦（PHILIPS）E535 4G翻盖老人手机全网通4G移动联通电信 双屏双卡双待老年机 咖啡金,409.00,2万+,飞利浦手机京东自营旗舰店,"自营,放心购,券400-10,赠",https://item.jd.com/100021875118.html
OPPO Find X5 Pro 8+256GB 黑釉 全新骁龙8 自研影像芯片 哈苏影像 5000万双主摄 120Hz 80W超级闪充 5G,5199.00,2万+,OPPO京东自营官方旗舰店,"自营,放心购,券1500-400",https://item.jd.com/100018806673.html
"爱心东东
小米 红米note9 5G手机 云墨灰 8GB+128GB全网通",998.00,2万+,炜东电商旗舰店,"秒杀,免邮,每满998-20",https://item.jd.com/10024796500110.html
【秒杀】vivo iQOO U3x 高通骁龙八核强芯 5000mAh大电池 90Hz竞速屏 双模5G全网通 6GB+64GB 幻蓝 iqoou3x,1199.00,2万+,iQOO京东官方自营旗舰店,"自营,放心购",https://item.jd.com/100022587672.html
魅族 18s 8GB+128GB 渡海 5G 骁龙888+ 36W超充 6.2英寸2K曲面屏 6400W高清三摄光学防抖 拍照,2729.00,2万+,魅族京东自营旗舰店,"自营,放心购,满1000-30",https://item.jd.com/100014415029.html
纽曼 Newman R15c 星空黑 4G全网通 学生手机 卡片手机 超薄迷你儿童小手机 备用机非智能戒网 老人,233.00,2万+,纽曼京东自营官方旗舰店,"自营,放心购,秒杀,券200-20,赠",https://item.jd.com/100005437210.html
OPPO Reno8 Pro 12GB+256GB 微醺 第一代骁龙7移动平台 5000万索尼旗舰 自研影像芯片120Hz超清大屏 5G,3499.00,2万+,OPPO京东自营官方旗舰店,"自营,放心购,新品",https://item.jd.com/100022841549.html
"爱心东东
小米Redmi 红米Note9 5G手机全网通 8G+128G 云墨灰 官方标配",979.00,2万+,疆界互联旗舰店,秒杀,https://item.jd.com/10024480172096.html
黑鲨5 12GB+256GB 曙光白 骁龙870 120W超级闪充 磁动力升降肩键 144Hz AMOLED电竞屏 5G游戏,2699.00,2万+,黑鲨京东自营官方旗舰店,"自营,放心购,券11-10",https://item.jd.com/100019033025.html
金立（Gionee）L9+全网通 老年机旗舰店自营移动联通电信双卡双待 直板老人手机超长待机4G按键大字大声 黑色,208.00,2万+,金立手机京东自营旗舰店,"自营,放心购,秒杀,券200-20",https://item.jd.com/100028106658.html
小米 Redmi Note10 Pro 5G手机天玑1100旗舰芯120Hz高刷67W充电 星纱 6+128G 官方标配【享90天碎屏险】,1447.00,2万+,京东之家官方旗舰店,"秒杀,免邮",https://item.jd.com/10031540858203.html
小米12S Pro 骁龙8+处理器 徕卡光学镜头 2K超视感屏 120Hz高刷 120W秒充 12GB+512GB 白色 5G,5899.00,2万+,小米京东自营旗舰店,"自营,放心购,券1988-150",https://item.jd.com/100027789673.html
小米 红米K40【K40S可选】 5G游戏手机 K40S亮黑 全网通8GB+128GB,1899.00,2万+,佳沪电商旗舰店,"免邮,满1886-120,赠",https://item.jd.com/10028869112056.html
realme 真我GT2 骁龙888 120Hz AMOLED 畅速屏 索尼IMX766 OIS超大底主摄 8GB+256GB 大师·纸 5G,2599.00,2万+,真我realme京东自营旗舰店,"自营,放心购,券59-10,赠",https://item.jd.com/100031565078.html
vivo Y50t 8GB+128GB 秘境黑 高通骁龙720G 4800万高清影像 4500mAh大电池 双引擎闪充 全网通智能,1099.00,2万+,vivo京东自营官方旗舰店,"自营,放心购",https://item.jd.com/100027537730.html
MIX FOLD 小米折叠屏手机 5G 2K+折叠屏 骁龙888 一亿像素 哈曼卡顿立体声四扬声器 12GB+512GB 黑色,6999.00,2万+,小米京东自营旗舰店,"自营,放心购",https://item.jd.com/100019873098.html
realme真我Q5 Pro 80W超速闪充 骁龙870处理器 120Hz AMOLED E4 旗舰屏 8GB+128GB 夏日燃擎 5G智能,1899.00,2万+,真我realme京东自营旗舰店,"自营,放心购,券1500-200",https://item.jd.com/100021172861.html
HUAWEI P50 Pocket 超光谱影像系统 创新双屏操作体验 120Hz高刷 8GB+512GB天青蓝华为鸿蒙折叠屏,9388.00,2万+,华为京东自营官方旗舰店,"自营,放心购",https://item.jd.com/100027028241.html
vivo【教育优惠-学生专享价】iQOO U3 8GB+128GB 太初黑 天玑800U八核处理器 5000mAh大电池 5G全网通,2295.00,2万+,iQOO京东官方自营旗舰店,"自营,放心购",https://item.jd.com/100017190665.html
酷派COOL20 6+128G 4800万像素 6.52吋全面水滴屏八核旗舰学生老人商务游戏智能 伯爵黑 全网通(4G+64G),699.00,2万+,远帆洋手机通讯专营店,"京东物流,免邮",https://item.jd.com/10034944983813.html
纽曼（Newman）X13pro 智能手机HMS可下载 5G移动联通电信卡老年老人机学生便宜安卓 深海蓝【32G】,449.00,2万+,纽曼手机旗舰店,"秒杀,免邮",https://item.jd.com/10039351092747.html
Apple 苹果12（A2404） 5G手机 黑色 全网通128G,4629.00,2万+,炜东电商旗舰店,免邮,https://item.jd.com/10022652175296.html
"京品手机
realme 真我GT Neo2 骁龙870 120Hz旗舰屏 5000mAh大电池 65W闪充 8+128GB 苍蓝 5G【购机补贴版】",2499.00,2万+,真我realme京东自营旗舰店,"自营,放心购",https://item.jd.com/100030125264.html
华为(HUAWEI)畅享20e 4G版全网通 智能老人老年学生大屏长待手机 华为畅享20e(幻夜黑) (6GB+128GB),985.00,2万+,优爱特手机专营店,"京东物流,秒杀,赠",https://item.jd.com/10045106391770.html
OPPO Find X5 12+256GB 镜紫 骁龙888 自研影像芯片 哈苏影像 5000万双主摄 120Hz高刷屏 80W超级闪充 5G,4399.00,2万+,OPPO京东自营官方旗舰店,"自营,放心购",https://item.jd.com/100018800615.html
Apple 苹果 iPhone 12 全网通5G手机【苹果13店内可选】 黑色 全网通 128GB【官方标配】,4408.00,2万+,京东电竞手机官方旗舰店,京东物流,https://item.jd.com/70202792228.html
守护宝（上海中兴）K199 全网通2.8英寸智能老人手机 老年手机三网4G老人机 超长待机儿童学生 暮光黑,259.00,2万+,守护宝手机京东自营旗舰店,"自营,秒杀,赠",https://item.jd.com/100006155166.html
纽曼（Newman）F6 双屏翻盖老人手机 2.8英寸大屏大字体大声音 超长待机老年 移动2G备用功能 雅典红,155.00,2万+,纽曼京东自营官方旗舰店,"自营,放心购,秒杀,赠",https://item.jd.com/6035574.html
vivo iQOO Neo5SE 骁龙870 144Hz竞速屏 55W闪充5G全网通电竞游戏智能手机 8GB+128GB矿影蓝 官方标配,1799.00,2万+,iQOO官方旗舰店,"京东物流,满1799-100",https://item.jd.com/10041388044535.html
"爱心东东
华为nova9 新品手机【华为nova9pro店内可选】 9号色 【官方标配】8+128G全网通",2119.00,2万+,疆界互联旗舰店,"京东物流,秒杀,满1000-50,赠",https://item.jd.com/10036137944730.html
Redmi 10X Pro 天玑820 双5G待机 4800万流光四摄相机 30倍变焦 水滴全面屏 8GB+256GB 星露白 游戏智能 小米 红米,1799.00,2万+,小米京东自营旗舰店,"自营,放心购",https://item.jd.com/100007265877.html
小米（MI）Redmi Note 9 5G手机 天玑800U双5G 4800万超清三摄 FHD+高清护眼屏 8GB+128GB 云墨灰,1099.00,2万+,京东移动生态自营专区,"自营,厂商配送,满1099-20,赠",https://item.jd.com/100009667867.html
vivo S12 Pro 12GB+256GB 耀黑 一亿像素 前置5000万双摄 天玑1200旗舰芯片 超薄曲面屏 快充 游戏 5G,3299.00,2万+,vivo京东自营官方旗舰店,"自营,放心购",https://item.jd.com/100017262413.html
华为智选 优畅享20 5G 5000mAh大电池 6.6英寸高清大屏U-Magic 6GB+128GB绮境森林全网通5G【华为智选】,1099.00,2万+,华为京东自营官方旗舰店,"自营,秒杀",https://item.jd.com/100013035483.html
荣耀x20\/x20se 5G手机 钛空银【荣耀x20】 8G+128G 全网通,1369.00,2万+,疆界互联旗舰店,赠,https://item.jd.com/68595977647.html
多亲（QIN）F21Pro 防沉迷学生手机 小爱同学 4G全网通戒网瘾电话 智能触屏按键机 3+32g铁灰色,589.00,2万+,多亲（QIN）京东自营旗舰店,"自营,秒杀,赠",https://item.jd.com/100012702779.html
Apple iPhone13 ProMax(A2644)256GB苍岭绿色 支持移动联通电信5G 双卡双待手机 苹果合约机 移动用户专享,9199.00,2万+,中国移动官方旗舰店,"自营,厂商配送",https://item.jd.com/100019794055.html
飞利浦（PHILIPS）E568 宝石蓝 老人手机 移动联通电信全网通4G 直板按键 儿童学生备用功能机4G 老年,189.00,2万+,飞利浦手机京东自营旗舰店,"自营,放心购,秒杀,赠",https://item.jd.com/100032333344.html
Redmi红米K50 小米5G智能手机 天玑8100 2K柔性直屏5500mAh大电量 幽芒 8GB+128GB,2399.00,2万+,小米手机官方旗舰店,免邮,https://item.jd.com/10046781077285.html
小米 红米Note9 5G手机 8G+128G 青山外 官方标配,979.00,2万+,佳沪电商旗舰店,"秒杀,免邮,赠",https://item.jd.com/10024804924361.html
魅族 18X 8GB+256GB 玄 5G 骁龙870 120Hz刷新率 4300mAh大电池 6400万AI超清三摄 全网通拍照,2029.00,2万+,魅族京东自营旗舰店,"自营,放心购,满1000-30,赠",https://item.jd.com/100014415031.html
OPPO Reno8 Pro+ 8GB+256GB 暗涌黑 天玑8100-MAX 自研影像芯片 5000万索尼主摄 5G oppo reno8pro+,3699.00,2万+,OPPO京东自营官方旗舰店,"自营,放心购,新品,券1000-200",https://item.jd.com/100022870995.html
黑鲨5 Pro 16GB+512GB 天宫白 全新骁龙8 逆重力双VC液冷系统 120W超级闪充 磁动力升降肩键 144Hz 游戏,4599.00,2万+,黑鲨京东自营官方旗舰店,"自营,放心购,券11-10,赠",https://item.jd.com/100019033027.html
Redmi Note 10 5G 天玑700 6.5英寸FHD+高清屏 18W快充 晴山蓝 4GB+128GB 游戏智能 小米 红米【购机补贴版】,1099.00,2万+,小米京东自营旗舰店,"自营,放心购",https://item.jd.com/100023909662.html
Apple 苹果13 iPhone 13 支持移动联通电信5G 双卡双待手机 星光色 128GB,5388.00,2万+,耐谷手机旗舰店,"免邮,赠",https://item.jd.com/10037905558229.html
Hi nova 9 Pro 5G全网通 双3200万前置Vlog镜头 100W超级快充 8+128GB 亮黑色5g【华为智选】,2699.00,2万+,华为京东自营官方旗舰店,自营,https://item.jd.com/100016628375.html
vivo iQOO U5 骁龙695 5000mAh大电池 120Hz竞速屏 双模5G全网通手机 4GB+128GB 幻蓝色iqoou5,1199.00,2万+,iQOO京东官方自营旗舰店,"自营,放心购,满1000-100",https://item.jd.com/100030677436.html
vivo Y31s 5G手机 4GB+128GB 钛空灰 5000mAh大电池 90Hz高刷护眼屏 双模5G全网通,1398.00,2万+,vivo京东自营官方旗舰店,"自营,放心购",https://item.jd.com/100010119699.html
【低至799+超值好礼】OPPO A32新品手机 大电量拍照美颜手机 oppoa32 幻想蓝 4+64G 全网通 【晒单返20】,899.00,2万+,OPPO优品专卖店,"京东物流,闪购,免邮,满480-100",https://item.jd.com/10024688197536.html
"京品手机
realme 真我GT Neo2 骁龙870 120Hz旗舰屏 5000mAh大电池 65W闪充 8+128GB 影黑 5G【购机补贴版】",2499.00,2万+,真我realme京东自营旗舰店,"自营,放心购",https://item.jd.com/100016653653.html
荣耀X40i 7.43mm超薄全视屏 钻彩星河设计 40W超级快充 5000万超清影像 5G手机 8GB+128GB 墨玉青,1599.00,2万+,荣耀京东自营旗舰店,"自营,放心购,新品",https://item.jd.com/100028953511.html
守护宝（上海中兴）F20 老人机4g全网通老人智能手机老年手机电信大字大声6英寸大屏幕学生 3+32G 黑色,449.00,2万+,守护宝手机京东自营旗舰店,"自营,赠",https://item.jd.com/100006705123.html
Apple 苹果 iPhone11 手机 双卡双待【12期免息可选】新包装 黑色 128GB,3548.00,2万+,京东电竞手机官方旗舰店,京东物流,https://item.jd.com/69324297884.html
荣耀（HONOR）荣耀X30i 8G+128G钛空银权益版,1699.00,2万+,中国移动官方旗舰店,"自营,厂商配送",https://item.jd.com/100015633849.html
三星 SAMSUNG Galaxy S22 Ultra 超视觉夜拍系统 超耐用精工设计 大屏S Pen书写 12GB+256GB 羽梦白 5G,9699.00,2万+,三星京东自营官方旗舰店,"自营,放心购,赠",https://item.jd.com/100018354355.html
vivo T2x 8GB+128GB 雾蓝 天玑1300高跑分强芯 6000mAh巨能量电池 44W闪充 144Hz高刷屏 5G 游戏 拍照,1699.00,2万+,vivo京东自营官方旗舰店,"自营,放心购,新品",https://item.jd.com/100024008377.html
"爱心东东
荣耀50 新品5G旗舰 手机 夏日琥珀 8+256G全网通",2199.00,2万+,炜东电商旗舰店,"免邮,满199-100,赠",https://item.jd.com/10032563002590.html
金立（Gionee）X6-4G版 老年人手机旗舰店自营移动联通电信双卡双待按键三防老人机4G全网通大屏大声音 红色,217.00,2万+,金立手机京东自营旗舰店,"自营,放心购,秒杀,券200-20",https://item.jd.com/100015771409.html
HUAWEI/华为 P50E 基于鸿蒙操作系统 5000万超感光原色影像 支持66W快充 8GB+256GB雪域白 华为,3978.00,2万+,华为京东自营官方旗舰店,"自营,放心购,秒杀",https://item.jd.com/100019968293.html
华为nova7 5G手机 麒麟985芯片【搭载鸿蒙HarmonyOS系统】 绮境森林 全网通（8+128GB）碎屏险套装,2999.00,2万+,京联通达旗舰店,免邮,https://item.jd.com/68372916162.html
金立（Gionee）K13Pro 八核智能手机128G弧度玻璃后盖6.5英寸大屏全网通4G学生老人长续航可用5G卡 太空灰,689.00,2万+,金立手机京东自营旗舰店,"自营,秒杀",https://item.jd.com/100016812705.html
荣耀play5t pro 老人学生手机 可选荣耀play5t 幻夜黑 8+128G 套装一：搭配 90天碎屏险,1029.00,2万+,京东之家官方旗舰店,免邮,https://item.jd.com/10029182750185.html
华为智选 NZone s7pro 5G手机 【S7 Pro】优雅黑8+128GB 官方标配,1029.00,2万+,京铠玄手机旗舰店,"免邮,赠",https://item.jd.com/10034910111253.html
关爱心 GAIX X3 星空黑 4G全网通 移动联通电信老人手机 超长待机 大字大声大按键老年机 学生儿童备用功能机,148.00,2万+,关爱心（GAIX）京东自营旗舰店,"自营,放心购,秒杀,券100-19,赠",https://item.jd.com/100013601433.html
努比亚 nubia腾讯红魔游戏手机6SPro 12GB+256GB 星耀白 电竞5G手机 165Hz屏幕刷新率 骁龙888plus 120W快充,3799.00,2万+,努比亚京东自营旗舰店,"自营,放心购,券11-10,赠",https://item.jd.com/100013727185.html
"爱心东东
华为mate40e 5G手机【支持鸿蒙HarmonyOs】 亮黑色 8G+128G 全网通（5G版）",5499.00,2万+,炜东电商旗舰店,"京东物流,免邮",https://item.jd.com/10027882119234.html
vivo T1 双模5G全网通手机 骁龙778G 8GB+256GB 曜影黑 vivo合约机 移动用户专享,1899.00,2万+,中国移动官方旗舰店,"自营,厂商配送,赠",https://item.jd.com/100028417656.html
Redmi 红米note11 5g智能游戏拍照手机天玑810 5000mAh大电池小米新品 浅梦星河 6GB+128GB,1199.00,2万+,小米手机官方旗舰店,免邮,https://item.jd.com/10038456155296.html
海信(Hisense) 阅读手机A7经典版 6.7英寸水墨屏 电纸书阅读器 墨水屏 6GB+128GB 全网通5G 曜石黑,1999.00,2万+,海信手机京东自营旗舰店,"自营,满1999-200",https://item.jd.com/100009643325.html
OPPO A56 4+128GB风铃紫 全网通手机 一体化双模5G oppo合约机 移动用户专享,1200.00,2万+,中国移动官方旗舰店,"自营,厂商配送,满1200-150",https://item.jd.com/100018445549.html
华为Mate30epro手机 5G 亮黑色 全网通(8G+128G)(5G版),4569.00,2万+,掌视界数码旗舰店,免邮,https://item.jd.com/59788201252.html
华为畅享20 Pro 5G手机全网通 深海蓝 全网通 6G+128G,1849.00,2万+,千瑞达手机旗舰店,"免邮,满980-50,赠",https://item.jd.com/70765709572.html
荣耀X30i 新品5G手机 全网通 幻夜黑 8GB+128GB,1399.00,2万+,千瑞达手机旗舰店,"免邮,赠",https://item.jd.com/58273216962.html
vivo U3x 3GB+64GB 深湖蓝 5000mAh大电池 18W双引擎闪充 超广角AI三摄 骁龙665处理器 全网通4G,849.00,2万+,vivo京东自营官方旗舰店,"自营,放心购",https://item.jd.com/100007339253.html
"京品手机
OPPO K7x 双模5G 4800万四摄 5000mAh长续航 90Hz电竞屏 蓝影8GB+256GB 30W闪充全网通【购机补贴版】",1799.00,2万+,OPPO京东自营官方旗舰店,"自营,放心购",https://item.jd.com/100020083474.html
realme真我Q5 6nm骁龙5G芯 60W智慧闪充 5000mAh超大电池 6GB+128GB 竞速黄昏 5G智能,1399.00,2万+,真我realme京东自营旗舰店,"自营,放心购,券59-10,赠",https://item.jd.com/100021103707.html
vivo iQOO Z5 高通骁龙778G 120Hz高刷新率5000mAh大电池5G全网通智能手机 8GB 128GB蓝色起源 官方标配,1699.00,2万+,iQOO官方旗舰店,券880-70,https://item.jd.com/10035936758786.html
vivo iQOO Z5 5G手机【3期免息+碎屏险】120hz高刷骁龙778G游戏手机44W闪充 蓝色起源 8GB+128GB 【全网通标配版】,1699.00,2万+,京域手机旗舰店,"免邮,券880-70,赠",https://item.jd.com/71059865852.html
vivo X70 天玑1200-vivo定制芯片 蔡司光学镜头 120Hz高刷 3200万前置摄像 5G手机 8GB+128GB 至黑,2999.00,2万+,vivo京东自营官方旗舰店,"自营,放心购",https://item.jd.com/100025643310.html
vivo Y77 8GB+256GB 夏日听海 旗舰级80W双芯闪充 6nm天玑930 120Hz护眼原色屏 5000万超清影像 5G,1799.00,2万+,vivo京东自营官方旗舰店,"自营,放心购,新品,赠",https://item.jd.com/100027711829.html
小米 Civi 1S 骁龙778G Plus 3200万双柔光自拍 120Hz曲面原色屏 4500mAh大电量 5G 8G+128GB 闪闪黑,2099.00,2万+,小米京东自营旗舰店,"自营,放心购,赠",https://item.jd.com/100021353921.html
纽曼（Newman）K99mini 老人手机 移动联通电信全网通4G 直板按键 双卡老年机 儿童学生商务备用功能机 蓝色,115.00,2万+,纽曼京东自营官方旗舰店,"自营,放心购,秒杀,券100-5,赠",https://item.jd.com/100021215680.html
朵唯（ DOOV ）D1智能手机 水滴全面屏玻璃机身 4G通八核手机HMS生态手机 D1水滴屏渐变蓝 32GB,399.00,2万+,移联翼手机旗舰店,免邮,https://item.jd.com/10045457620666.html
realme真我Q5 6nm骁龙5G芯 60W智慧闪充 5000mAh超大电池 8+128GB 魅影 5G智能,1499.00,2万+,中国移动官方旗舰店,"自营,厂商配送,满1499-200",https://item.jd.com/100023135135.html
荣耀X30 Max 7.09英寸护眼阳光屏 5000mAh大电池 立体声双扬声器 8G+256G 钛空银,2699.00,2万+,荣耀京东自营旗舰店,"自营,放心购,赠",https://item.jd.com/100015347669.html
vivo iQOO 10 Pro 12GB+512GB赛道版 200W闪充 第一代骁龙8+ 自研芯片V1+ 双主摄微云台 5G电竞iqoo10pro,5999.00,2万+,iQOO京东官方自营旗舰店,"自营,放心购,新品,赠",https://item.jd.com/100028173713.html
【12期免息可选】Apple 苹果 iPhone 13 (A2634)双卡双待 苹果13系列5G手机 星光色 全网通 128GB(官方标配),5498.00,2万+,鹏瑶旗舰店,免邮,https://item.jd.com/10037586600998.html
酷派COOL20 4800万像素 八核旗舰处理器 秘海蓝 4GB+128GB 双卡双待 大电池智能游戏,899.00,2万+,酷派京东自营旗舰店,"自营,放心购,赠",https://item.jd.com/100022299552.html
OPPO A93 5G新品手机90Hz屏4800万三摄游戏拍照智能手机 炫黑套装 8GB+128GB,1299.00,2万+,OPPO官方直营旗舰店,"京东物流,秒杀,满799-100,赠",https://item.jd.com/10027906086308.html
小米12 骁龙8 Gen1 黄金手感 6.28英寸视感屏 120Hz高刷 5000万高清主摄 8GB+256GB 蓝色 5G【直播间】,3999.00,2万+,小米京东自营旗舰店,"自营,放心购",https://item.jd.com/100031685444.html
OPPO K9s 新品5G手机高通骁龙778G 120Hz电竞屏智能游戏拍照手机 幻紫流沙 8GB+128GB,1599.00,2万+,OPPO官方直营旗舰店,"京东物流,满899-200,赠",https://item.jd.com/10038520527725.html
诺基亚 NOKIA 6300 4G 移动联通电信 白色 双卡双待 直板按键手机 wifi热点备用 老人老年 学生,429.00,2万+,诺基亚手机京东自营旗舰店,"自营,秒杀",https://item.jd.com/100009901701.html
OPPO A32 8+128GB 幻想蓝 5000mAh超大电池 128G大内存 90Hz全面屏拍照视频游戏【购机补贴版】,1499.00,2万+,OPPO京东自营官方旗舰店,"自营,放心购",https://item.jd.com/100015813226.html
关爱心 S9老人手机语音播报移动4G直板按键大字大声大屏超长待机老年学生备用功能 红色 4G全网通,168.00,2万+,关爱心数码旗舰店,"免邮,券100-30",https://item.jd.com/10024513464666.html
【选12期免息】红米K40S手机 Redmi K40S 新品5G小米手机【店内红米K50可选】 K40S-幻境 12+256GB,1999.00,2万+,博恒聚优手机专营店,"秒杀,免邮,满2099-100",https://item.jd.com/10026884743300.html
荣耀50 5G手机 8G+256G 夏日琥珀 【官方标配】全网通,2098.00,2万+,疆界互联旗舰店,"秒杀,赠",https://item.jd.com/10031301748945.html
vivo iQOO Neo5S系列 骁龙888独显芯片Pro 66W闪充大电量5G全网通电竞游戏手机 Neo5S 8GB+256GB日落峡谷 官方标配,2799.00,2万+,iQOO官方旗舰店,京东物流,https://item.jd.com/10041329230418.html
"爱心东东
华为nova9se新品手机 冰晶蓝 【官方标配】8+128G全网通",1769.00,2万+,疆界互联旗舰店,"秒杀,赠",https://item.jd.com/10045949274076.html
"爱心东东
华为nova8se 新品手机 麒麟710A芯片 搭载HarmonyOS系统 幻夜黑 8GB+128GB（66W充电套装+90天碎屏险）",1549.00,2万+,京联通达旗舰店,"秒杀,免邮,赠",https://item.jd.com/10041063435579.html
Redmi K40S 小米手机 骁龙870 三星E4 AMOLED 120Hz直屏 OIS光学防抖 银迹 8GB+128GB,1999.00,2万+,小米手机官方旗舰店,"免邮,满1000-100",https://item.jd.com/10045329274141.html
天语（K-Touch）S9 4G全网通智能老人手机 4G移动联通电信VoLTE 直板按键超长待机 学生备用老年 红色,239.00,2万+,天语手机京东自营官方旗舰店,"自营,放心购,赠",https://item.jd.com/100018278364.html
OPPO A93 【频道专享】8+256GB 雅银 骁龙双模5G 超大存储 5000mAh大电池 18W疾速快充 全面屏,1999.00,2万+,OPPO京东自营官方旗舰店,"自营,放心购",https://item.jd.com/100015540143.html
Apple 苹果 iPhone 12【苹果13系列店内可选】 5G手机 黑色 全网通 128GB,4658.00,2万+,鹏瑶旗舰店,"免邮,满4500-50",https://item.jd.com/10022977700841.html
【现货速发】realme真我GT Neo3 5G新品手机 （高达150w闪充 12期分期可选） 勒芒 12+256【80w闪充】 官方标配,2599.00,1万+,久汇通手机旗舰店,京东物流,https://item.jd.com/10048135743861.html
vivo Y71t 5G手机 8GB+256GB 幻境晨晖 44W闪充 6400万超清影像 超轻薄机身 双模5G全网通,1999.00,1万+,vivo京东自营官方旗舰店,"自营,放心购",https://item.jd.com/100015116861.html
Apple iPhone 13 Pro Max A2644 128GB 苍岭绿色 支持移动联通电信5G 双卡手机 苹果合约机【移动用户专享】,8399.00,1万+,京东移动生态自营专区,"自营,厂商配送,满8399-100",https://item.jd.com/100019798471.html
Apple iPhone 13 (A2634) 128GB 蓝色#支持移动联通电信5G 双卡双待手机,5399.00,1万+,中国电信自营旗舰店,"自营,厂商配送,赠",https://item.jd.com/100014369879.html
vivo iQOO Neo6 5G手机【6期免息+碎屏险】骁龙8Gen1 80W闪充 独显Pro Neo6-黑爵【全网通标配版】 12GB+256GB,3249.00,1万+,京域手机旗舰店,"秒杀,免邮,赠",https://item.jd.com/10027081368704.html
vivo X80 Pro 12GB+256GB 旅程 新一代骁龙8 自研芯片V1+ 蔡司T*光学镜头 双电芯80W闪充 超声波指纹 5G,5999.00,1万+,vivo京东自营官方旗舰店,"自营,放心购",https://item.jd.com/100021374239.html
荣耀 畅玩9A 全网通手机 5000毫安大电池 震撼大音量老人老年全面屏学生手机 蓝水翡翠 （4GB 64GB）,849.00,1万+,众盛手机专营店,京东物流,https://item.jd.com/67286554733.html
"京品手机
一加 OnePlus 9 5G 120Hz 柔性屏8GB+128GB 黑曜 骁龙888 65W快充 哈苏专业模式 超广角拍照游戏",3199.00,1万+,一加手机京东自营官方旗舰店,"自营,放心购",https://item.jd.com/100020035292.html
realme 真我GT Neo2 骁龙870 120Hz旗舰屏 5000mAh大电池 65W闪充 8+256GB 影黑 5G【购机补贴版】,2699.00,1万+,真我realme京东自营旗舰店,"自营,放心购",https://item.jd.com/100030125234.html
摩托罗拉moto edge S30冠军版 骁龙888+ 1亿像素 144Hz电竞屏 5000mAh大电池 5G 12GB+512GB 冰川蓝,2299.00,1万+,摩托罗拉手机京东自营官方旗舰店,"自营,秒杀",https://item.jd.com/100019894269.html
HUAWEI P50 Pro 原色双影像单元 麒麟9000芯片 万象双环设计 8GB+256GB曜金黑 华为,6488.00,1万+,华为京东自营官方旗舰店,"自营,放心购",https://item.jd.com/100024533316.html
荣耀（HONOR）荣耀60 SE 8G+256G流光幻境权益版 5G智能手机 荣耀合约机 移动用户专享,2499.00,1万+,中国移动官方旗舰店,"自营,厂商配送,满2499-410",https://item.jd.com/100033378236.html
纽曼（Newman）全网通4G翻盖老人手机 移动联通电信 内外双屏翻盖老年按键手机大按键大声音 中国红【移动版】,138.00,1万+,纽曼手机旗舰店,免邮,https://item.jd.com/56300057585.html
飞利浦（PHILIPS）E529 绚丽红 老人手机 移动联通电信全网通4G 直板按键 儿童学生备用功能机4G 老年,199.00,1万+,飞利浦手机京东自营旗舰店,"自营,放心购,秒杀,赠",https://item.jd.com/100012319587.html
Apple iPhone 12 (A2404) 128GB 蓝色 支持移动联通电信5G 双卡双待手机【大王卡】,5099.00,1万+,中国联通京东自营旗舰店,"自营,券4000-600,赠",https://item.jd.com/100009111935.html
OPPO K9 Pro 5G双模新品手机120Hz电竞屏60W闪充智能拍照游戏手机 黑曜武士 12GB+256GB,2499.00,1万+,OPPO官方直营旗舰店,"京东物流,满1099-700,赠",https://item.jd.com/10036862942363.html
realme 真我GT Neo2 骁龙870 120Hz旗舰屏 5000mAh大电池 65W闪充 8+256GB 黑薄荷 5G【购机补贴版】,2699.00,1万+,真我realme京东自营旗舰店,"自营,放心购",https://item.jd.com/100030125210.html
realme真我GT Neo3 天玑8100 80W超速闪充 独立显示芯片 12GB+256GB 银石 5g 合约机 购机补贴版,2599.00,1万+,真我realme京东自营旗舰店,"自营,放心购",https://item.jd.com/100037895614.html
Apple iPhone 13 Pro (A2639) 128GB 石墨色 支持移动联通电信5G 双卡双待手机 苹果合约机 移动用户专享,7399.00,1万+,中国移动官方旗舰店,"自营,厂商配送",https://item.jd.com/100014386879.html
华为nova9 Pro 新品手机 nova9pro【华为智选HI nova9pro 12期分期可选】 【5G Hi nova9P】亮黑色 8+128G 全网通12期白条分期+（100W超级快充）,2999.00,1万+,久汇通手机旗舰店,"免邮,赠",https://item.jd.com/10042479130680.html
小米 Redmi 红米Note9 4G手机 羽墨黑 全网通4G(4GB+128GB),849.00,1万+,鹏瑶旗舰店,免邮,https://item.jd.com/10024806441677.html
"京品手机
一加 OnePlus 9 5G旗舰120Hz 柔性屏8GB+128GB 紫翼 骁龙888 65W快充 拍照游戏【购机补贴版】",2799.00,1万+,一加手机京东自营官方旗舰店,"自营,放心购",https://item.jd.com/100019902308.html
小米 Redmi 红米Note9 Pro 5G手机 静默星空 8+128G 官方标配,1388.00,1万+,京东之家官方旗舰店,"秒杀,免邮",https://item.jd.com/10029156160308.html
华为P40 Pro 5G手机 全网通智能手机 支持鸿蒙HarmonyOS 冰霜银 8G+256G,7688.00,1万+,OKSJ手机旗舰店,"免邮,赠",https://item.jd.com/67126728006.html
华为畅享 50 Pro 5000mAh大电池超能续航 6.7英寸无界全视屏 5000万像素超清影像 128G 星海蓝 华为鸿蒙,1699.00,1万+,华为京东自营官方旗舰店,"自营,放心购,新品",https://item.jd.com/100032253041.html
金立老人手机4G全网通移动联通电信版供选学生非智能戒网 大字大声大屏双卡超长待机语音王直板按键老年人 蓝色 移动版【移动卡】,99.00,1万+,维西特手机专营店,免邮,https://item.jd.com/10037467528677.html
vivo S15e 8GB+128GB 雾凇金 5nm高跑分芯片 66W超级闪充 5000万超质感人像 5G 快充 拍照,1999.00,1万+,vivo京东自营官方旗舰店,"自营,放心购",https://item.jd.com/100021374237.html
OPPO K9x 5G手机天玑810游戏芯 5000mAh超长续航 6400万超清三摄游戏拍照 银紫超梦 8GB+256GB,1599.00,1万+,OPPO官方直营旗舰店,"京东物流,满399-150,赠",https://item.jd.com/10042230577183.html
荣耀70 IMX800三主摄 高通骁龙778G Plus 66W快充 5G手机 12GB+256GB 墨玉青 合约机 购机补贴,2999.00,1万+,荣耀京东自营旗舰店,"自营,放心购,新品",https://item.jd.com/100027452683.html
小米12S 骁龙8+处理器 徕卡光学镜头 疾速影像 120Hz高刷 67W快充 4500mAh 8GB+256GB 蓝色 5G,4299.00,1万+,小米京东自营旗舰店,"自营,放心购",https://item.jd.com/100027789655.html
"爱心东东
小米 Redmi 红米Note10 5G 游戏智能手机 6G+128G 晴山蓝 官方标配",1029.00,1万+,疆界互联旗舰店,,https://item.jd.com/10030804235930.html
"京品手机
realme 真我GT 骁龙888 120Hz屏幕 65W闪充 8GB+128GB 深海飞艇 5ggt",2899.00,1万+,真我realme京东自营旗舰店,"自营,放心购",https://item.jd.com/100026731500.html
"爱心东东
华为nova8 pro 5G手机 亮黑色 8+128G全网通",2999.00,1万+,炜东电商旗舰店,免邮,https://item.jd.com/10025616677253.html
纽曼（Newman）全网通4G老人手机移动联通电信 三网通 老年学生备用机 大声音 无摄像头 红色【4G全网通】,129.00,1万+,纽曼手机旗舰店,免邮,https://item.jd.com/30648617667.html
OPPO Find X3 5000万双主摄IMX766 10亿色臻彩屏 骁龙870 8+128GB 凝白 5G年度旗舰【购机补贴版】,3999.00,1万+,OPPO京东自营官方旗舰店,"自营,放心购",https://item.jd.com/100010696889.html
"爱心东东
小米 Redmi 红米K40 全网通5G旗舰游戏手机 亮黑 全网通 12GB+256GB 官方标配",2139.00,1万+,鹏瑶旗舰店,"秒杀,免邮,赠",https://item.jd.com/10027304518972.html
上海中兴守护宝X13智能手机6.5英寸高清水滴全面大屏全网通4G双卡双待学生便宜老人机5 天空之境 6G+64GB,599.00,1万+,极客小酷旗舰店,免邮,https://item.jd.com/69112800328.html
红米note11pro 5G 小米高清拍照 轻薄智能游戏手机后置一亿像素 浅梦星河 6GB+128GB,1569.00,1万+,小米手机官方旗舰店,"秒杀,免邮",https://item.jd.com/10038276599015.html
vivo iQOO Z5 8GB+128GB 造梦空间 骁龙778G 5000mAh长续航 120Hz高刷原色屏 双模5G全网通iqooz5,1899.00,1万+,iQOO京东官方自营旗舰店,"自营,放心购",https://item.jd.com/100015121325.html
纽曼（Newman）F10 翻盖老人手机 移动联通电信三网4G老年机 大字大声双卡老人机 备用学生戒网功能 红色,209.00,1万+,纽曼京东自营官方旗舰店,"自营,放心购,秒杀,赠",https://item.jd.com/100010980659.html
华为 畅享20E 全网通 智能手机【白条12期分期可选 现货当天发】 幻夜黑 6GB+128GB,1349.00,1万+,久汇通手机旗舰店,京东物流,https://item.jd.com/59137231703.html
小米10S 5G新品手机 全网通 8G+128G 白色 官方标配【原装33W充电套装+晒单20红包】,2739.00,1万+,疆界互联旗舰店,赠,https://item.jd.com/10027245632848.html
vivo iQOO U3x标准版 5000mAh大电池 双引擎闪充 后置AI智慧影像 4G全网通手机 6GB+128GB 晨霜白【购机补贴版】,1099.00,1万+,iQOO京东官方自营旗舰店,"自营,放心购",https://item.jd.com/100013149127.html
黑鲨5 RS 8GB+256GB 天穹黑 骁龙888 逆重力VC液冷系统 120W闪充 磁动力升降肩键 144Hz屏 5G电竞游戏,2499.00,1万+,黑鲨京东自营官方旗舰店,"自营,放心购,券11-10",https://item.jd.com/100019032999.html
上海中兴守护宝F11Pro全网通4G大内存安卓美颜拍照学生价游戏指纹一体人脸识别老人智能 亮黑之境 64GB,799.00,1万+,广中达旗舰店,,https://item.jd.com/61000594911.html
vivo S15 Pro 12GB+256GB 盛夏 天玑8100 独立显示芯片Pro 索尼定制大底主摄 80W双电芯闪充 5G 拍照,3699.00,1万+,vivo京东自营官方旗舰店,"自营,放心购,新品",https://item.jd.com/100038477526.html
Apple 苹果 iPhone 13 (A2634) 支持移动联通电信5G 双卡双待手机 午夜色 128G 官方标配,5368.00,1万+,淘金手机旗舰店,"京东物流,赠",https://item.jd.com/10036511486230.html
新款百事乐S13pro超薄便宜智能手机学生价电竞游戏长续航百元大屏可用5g卡256g大内存老人老年机 星辰蓝 6+128GB,599.00,1万+,百事乐手机官方旗舰店,,https://item.jd.com/10043592059728.html
"爱心东东
荣耀畅玩20 全网通4G手机 双卡双待大电池 长续航老年人学生备用机 钛空银 【官方标配】4GB+128GB",848.00,1万+,京联通达旗舰店,"秒杀,免邮,赠",https://item.jd.com/10029659226222.html
守护宝（上海中兴）K999 金黑色 三防老人手机 移动联通电信4G 老人机 双卡双待 儿童学生 备用老年,293.00,1万+,守护宝手机京东自营旗舰店,"自营,秒杀,赠",https://item.jd.com/100008151201.html
华为畅享50 pro 手机【华为 畅享20pro 白条12期分期 可选】 【畅享50 Pro】幻夜黑 8+128GB 官方标配,1669.00,1万+,久汇通手机旗舰店,"秒杀,免邮,满1690-50,赠",https://item.jd.com/70908365001.html
OPPO Reno7 5G新品手机 星雨光刻工艺 前置索尼IMX7 高通骁龙778G游戏智能拍照 星雨心愿 8GB+128GB,2399.00,1万+,OPPO官方直营旗舰店,"京东物流,满899-400",https://item.jd.com/10040592831116.html
荣耀（HONOR）荣耀畅玩30 4G+128G极光蓝权益版 5G智能手机 荣耀合约机 移动用户专享,1099.00,1万+,中国移动官方旗舰店,"自营,厂商配送,满1099-200",https://item.jd.com/100039837636.html
纽曼 Newman A9 黑色 双屏翻盖老人手机超长待机大字体大声音 双卡双待老年机 老年学生儿童备用功能机,135.00,1万+,纽曼京东自营官方旗舰店,"自营,放心购,秒杀,赠",https://item.jd.com/100008245585.html
小米 红米Note9 5G手机天玑800U FHD+高清护眼屏4800万超清三摄 Redmi 云墨灰 8+128G 官方标配【享90天品胜碎屏保障】,989.00,1万+,京东之家官方旗舰店,免邮,https://item.jd.com/10029154917577.html
【销量1万+】欧亚信八核智能手机游戏超薄可用5G移动联通电信卡4G全网通百元便宜学生老人大屏双卡双待 黑色 4+32GB,499.00,1万+,移联翼手机旗舰店,免邮,https://item.jd.com/10058524695779.html
realme 真我GT Neo2 骁龙870 120Hz旗舰屏 5000mAh大电池 65W闪充 8+256GB 苍蓝 5G【购机补贴版】,2699.00,1万+,真我realme京东自营旗舰店,"自营,放心购",https://item.jd.com/100016653629.html
nubia 努比亚Z40Pro 8GB+128GB 星际黑 全新一代骁龙8 80W快充 35mm大师镜头 拍照5G,3199.00,1万+,努比亚京东自营旗舰店,"自营,放心购",https://item.jd.com/100019004535.html
OPPO Reno7 SE 8+128GB 晨曦金 90Hz高感屏 AMOLED直屏 4800万质感人像三摄 4500mAh大电池 5G,1999.00,1万+,OPPO京东自营官方旗舰店,"自营,放心购,券1500-350",https://item.jd.com/100016292303.html
OPPO K9 高通骁龙768G 65W闪充 90Hz电竞屏 5G手机 黑桃K 8G+128G【官方标配】,1398.00,1万+,京东电竞手机官方旗舰店,赠,https://item.jd.com/10022957009536.html
华为P40 5G【白条免息可选送豪礼】全网通智能手机 支持鸿蒙HarmonyOS 亮黑色 8G+128G,5288.00,1万+,OKSJ手机旗舰店,"京东物流,免邮,赠",https://item.jd.com/67126015771.html
华为nova9 新品手机【搭载HarmonyOS2系统】 亮黑色 全网通8+128GB 品牌66W充电套装,2119.01,1万+,京联通达旗舰店,"免邮,赠",https://item.jd.com/10036447307727.html
新款全网通256G智能游戏手机双卡双待超薄便宜百元学生手机老人手机备用机可用5G卡百事乐 星愿粉6+64GB,569.00,1万+,形派手机旗舰店,免邮,https://item.jd.com/10040095386211.html
华为智选 NZONE S7 Pro 5G手机 【S7 PRO】优雅黑8GB+128GB 官方标配,998.00,1万+,酷博昊远手机通讯专营店,"京东物流,秒杀,赠",https://item.jd.com/10048043881495.html
华为畅享50Pro 新品手机华为鸿蒙系统 5000mAh大电池 星海蓝【畅享50pro】 8GB+128GB,1649.00,1万+,千瑞达手机旗舰店,"免邮,满100-30,赠",https://item.jd.com/10056710269320.html
Apple iPhone 13 (A2634) 全网通5G 手机 双卡双待 A15芯片 蓝色 128G【官方标配+全国联保+运费险】,5499.00,1万+,Apple嘉世优品专卖店,"京东物流,券149-15,满5489-240",https://item.jd.com/10037127814745.html
"爱心东东
华为p50pro 手机 曜金黑 8+256GB 全网通（华为原装66W充电套装）",5758.00,1万+,炜东电商旗舰店,"京东物流,秒杀,免邮,赠",https://item.jd.com/10034472994912.html
荣耀play5T 5000mAh大电池 22.5w闪充 6.5英寸护眼屏 新品手机 幻夜黑8G+128G 官方标配,989.00,1万+,疆界互联旗舰店,"京东物流,秒杀,满899-30",https://item.jd.com/10031143347492.html
【12期免息可选】Apple 苹果 iPhone 13 Pro（A2639）苹果13pro 5G手机 128G 石墨色 套装一：搭配 90天碎屏保障,7488.00,1万+,京东之家官方旗舰店,京东物流,https://item.jd.com/10037588522194.html
ZTE 中兴Axon30 吴京代言 全新一代屏下摄像手机AMOLED 120HZ屏8GB+256GB 黑曜 骁龙870 55W快充游戏5G,1898.00,1万+,中兴京东自营官方旗舰店,"自营,放心购,秒杀",https://item.jd.com/100012841693.html
vivo S9e 5G手机 8GB+256GB 黑曜石 3200万超清前置 后置6400万超清影像系统 拍照,1899.00,1万+,vivo京东自营官方旗舰店,"自营,放心购",https://item.jd.com/100010465217.html
vivo iQOO U5 骁龙695 5000mAh大电池 双模5G全网通手机 8GB+128GB 银白色 vivo合约机【移动用户专享】,1499.00,1万+,京东移动生态自营专区,"自营,厂商配送,赠",https://item.jd.com/100036879052.html
诺基亚 NOKIA 5310 白红 直板按键 移动2G音乐手机 双卡双待 老人老年手机 学生考研复试戒网备用功能机,329.00,1万+,诺基亚手机京东自营旗舰店,"自营,放心购,秒杀",https://item.jd.com/100012481666.html
黑鲨4S Pro 12GB+256GB 星河黑 磁动力升降肩键 120W极速闪充 高通骁龙888Plus 三星144Hz电竞屏 5G游戏,2699.00,1万+,黑鲨京东自营官方旗舰店,"自营,放心购,券11-10,赠",https://item.jd.com/100026613068.html
小米 MI Redmi K50 8GB+128GB 墨羽 5G智能手机 天玑8100 67W快充 5500mAh大电量 小米合约机 移动用户专享,2399.00,1万+,中国移动官方旗舰店,"自营,厂商配送,满2390-68",https://item.jd.com/100020381931.html
小米 Redmi 红米 note9 5G全网通手机 云墨灰 8GB+128GB全网通【官方标配】,979.00,1万+,茄子手机旗舰店,"免邮,满900-10",https://item.jd.com/10024754363279.html
荣耀X30 5G旗舰手机 荣耀手机 幻夜黑 8G+256G,1669.00,1万+,掌视界数码旗舰店,"免邮,赠",https://item.jd.com/10041707381899.html
Apple iPhone苹果12全新【苹果13店内可选】5G全网通 白色 128G（20W充电套装）,4699.00,1万+,京联通达旗舰店,"免邮,赠",https://item.jd.com/10022984119663.html
飞利浦 PHILIPS E536 中国红 4G全网通老人手机 双卡双待超长待机 大字大声大按键老年机 学生儿童备用功能机,220.00,1万+,飞利浦手机京东自营旗舰店,"自营,放心购,秒杀,券200-40,赠",https://item.jd.com/100013877027.html
小米Redmi 红米K30S 至尊纪念版 双模5G手机 月光银 8GB+128GB 官方标配,1958.00,1万+,耐谷手机旗舰店,"免邮,赠",https://item.jd.com/10023632209832.html
ROG游戏手机5s 16GB+256GB 暗影黑 骁龙888plus 144Hz三星E4屏 2x3双操控肩键 6000mAh电池 5G ROG5s,4999.00,1万+,玩家国度ROG京东自营官方旗舰店,"自营,券11-10,赠",https://item.jd.com/100013141219.html
vivo Y76s 5G手机 8GB+256GB 星钻白 44W超级闪充 5000万超清影像 超闪星钻 轻薄拍照,1799.00,1万+,vivo京东自营官方旗舰店,"自营,放心购",https://item.jd.com/100029164416.html
荣耀（HONOR）荣耀畅玩30Plus 6G+128G钛空银权益版 5G智能手机 荣耀合约机 移动用户专享,1299.00,1万+,中国移动官方旗舰店,"自营,厂商配送,满1299-230",https://item.jd.com/100017343439.html
华为nova7 5G手机【12期免息可选】全网通 幻夜黑 8G+128G,3199.00,1万+,OKSJ手机旗舰店,"免邮,赠",https://item.jd.com/68372945033.html
朵唯（DOOV）D60promax超薄游戏智能手机学生价全网通4G老人老年百元便宜备用机美颜拍照HMS秘月银256GB,899.00,1万+,朵唯手机京东自营旗舰店,"自营,赠",https://item.jd.com/100027936978.html
华为mate40pro 5G\4G手机【支持鸿蒙HarmonyOs】 亮黑色 全网通8G+128G（4G华为原装66W充电套装）,6299.00,1万+,京联通达旗舰店,"免邮,赠",https://item.jd.com/10023039965389.html
飞利浦（PHILIPS）E209移动直板按键老人手机双卡双待超长待机大声大屏老年机学生备用功能机 炫舞红（移动卡专用）,158.00,1万+,智加手机专营店,免邮,https://item.jd.com/25210592203.html
"爱心东东
荣耀50se 5G全网通手机 荣耀50SE-流光幻境 【官方标配】8G+128G",1488.00,1万+,京联通达旗舰店,"京东物流,秒杀,赠",https://item.jd.com/10032571084444.html
努比亚 nubia 腾讯红魔6R手机12GB+256GB 流光银144Hz屏幕刷新率 骁龙888双触控肩键 5G电竞,2599.00,1万+,努比亚京东自营旗舰店,"自营,放心购,赠",https://item.jd.com/100011477261.html
HUAWEI nova 10 Pro 【内置100W华为超级快充】前置6000万追焦双摄 轻薄机身 256GB 普罗旺斯 华为,3899.00,1万+,华为京东自营官方旗舰店,"自营,放心购",https://item.jd.com/100027028255.html
【12期免息可选】Apple 苹果 iPhone 13 (A2634) 5G手机 双卡双待手机 星光色 128GB,5288.00,1万+,头号卖家旗舰店,"免邮,赠",https://item.jd.com/10037529172972.html
vivo iQOO 8 骁龙888 独立显示芯片 120W闪充 120Hz十亿色全感屏 电竞游戏 12GB+256GB耀 官方标配,3299.00,1万+,iQOO官方旗舰店,,https://item.jd.com/10035349483250.html
"京品手机
努比亚 nubia 红魔7 12GB+256GB暗夜骑士 165Hz屏幕刷新率 全新骁龙8平台 120W快充 5G电竞游戏",3999.00,1万+,努比亚京东自营旗舰店,"自营,放心购,券11-10",https://item.jd.com/100018576271.html
"爱心东东
华为mate40e 5G手机 支持鸿蒙系统 亮黑色 8+128G (mate40e) 全网通",5689.00,1万+,疆界互联旗舰店,"京东物流,秒杀,满1000-90,赠",https://item.jd.com/10027433493825.html
"爱心东东
荣耀x30 新品5G全网通手机 骁龙6nm疾速5G芯 66W闪充 120Hz全视屏 钛空银 【官方标配】6G+128G",1319.00,1万+,京联通达旗舰店,"京东物流,秒杀,免邮,赠",https://item.jd.com/10042219681208.html
Apple iPhone 13 Pro A2639 128G 远峰蓝色 支持移动联通电信5G 双卡双待手机 苹果合约机 【移动用户专享】,7399.00,1万+,京东移动生态自营专区,"自营,厂商配送,满7399-100",https://item.jd.com/100017791941.html
华为智选 麦芒 9 5G手机全网通 4300mAh大电池 幻夜黑 8GB+128GB,968.00,1万+,京东电竞手机官方旗舰店,秒杀,https://item.jd.com/10053417838382.html
realme 真我GT 大师探索版 120Hz三星AMOLED曲面屏 索尼IMX766传感器 骁龙870 雪山 8GB+128GB 双模5G gt,2499.00,1万+,真我realme京东自营旗舰店,"自营,放心购,券2000-400,赠",https://item.jd.com/100023828876.html
realme真我GT大师探索版120Hz曲面屏骁龙870索尼IMX766传感器双卡双待全网通5G 旅行箱·灰 12GB+256GB 官方标配,2499.00,1万+,真我realme官方旗舰店,"秒杀,免邮,券59-10",https://item.jd.com/10033579202851.html
Apple 苹果 iPhone12 全网通5G手机 白色 128G 官方标配+90天碎屏险,4599.00,1万+,OKSJ手机旗舰店,"免邮,赠",https://item.jd.com/10022981582999.html
守护宝（上海中兴）K289 典雅红 支持健康码抖音微信 全网通2.8英寸AI智能老人 4G老人机 学生备用老年机,339.00,1万+,守护宝手机京东自营旗舰店,"自营,秒杀,赠",https://item.jd.com/100017927740.html
华为 HUAWEI nova10 新品手机【 华为nova7 和 12期分期可选】下单尊享豪礼 【nova10】 曜金黑 8+128GB 官方标配【含华为原装66W充电套装】,2699.00,1万+,久汇通手机旗舰店,"免邮,满200-80,赠",https://item.jd.com/68376900416.html
诺基亚 NOKIA 5310 黑红 直板按键 移动2G音乐手机 双卡双待 老人老年手机 学生考研复试戒网备用功能机,329.00,1万+,诺基亚手机京东自营旗舰店,"自营,放心购,秒杀",https://item.jd.com/100006842459.html
HUAWEI P50 Pro 原色双影像单元 麒麟9000芯片 万象双环设计 8GB+256GB可可茶金 华为,6488.00,1万+,华为京东自营官方旗舰店,"自营,放心购",https://item.jd.com/100012930967.html
小米（MI）Redmi Note11T Pro 天玑8100 旗舰直屏 5G智能手机 6GB+128GB 时光蓝 小米合约机 移动用户专享,1799.00,1万+,中国移动官方旗舰店,"自营,厂商配送,满1799-240",https://item.jd.com/100024204385.html
三星 SAMSUNG Galaxy Z Fold3 5G 屏下摄像折叠屏 双模5G手机 Spen书写 IPX8防水 12GB+512GB陨石黑,12999.00,1万+,三星京东自营官方旗舰店,"自营,放心购",https://item.jd.com/100024975594.html
荣耀50 SE 新品 5G手机 天玑900芯片 1亿像素 66W充电 魅海蓝 12GB+256GB,2399.00,1万+,京合旗舰店,"免邮,满2300-440,赠",https://item.jd.com/10040613652480.html
飞利浦（PHILIPS）E506 宝石蓝 老人手机 移动联通电信三网4G 直板按键 儿童学生商务备用功能机4G 老年,195.00,1万+,飞利浦手机京东自营旗舰店,"自营,放心购,秒杀,赠",https://item.jd.com/100010892311.html
小米Redmi 红米K40 游戏增强版 5G电竞手机 暗影 12GB+128GB 官方标配【晒单返20元红包】,2158.00,1万+,耐谷手机旗舰店,"免邮,赠",https://item.jd.com/10030658541788.html
"爱心东东
小米 Redmi 红米Note11 5G 游戏智能手机 6G+128G 神秘黑境 官方标配【90天碎屏险+晒单有礼】",1199.00,1万+,疆界互联旗舰店,"秒杀,满1199-100,赠",https://item.jd.com/10038445482932.html
"爱心东东
vivo iQOO Neo6 新一代骁龙8电竞游戏旗舰5G智能手机80W闪充120Hz高刷 黑爵12G 256G 全网通",3299.00,1万+,兰珊手机旗舰店,免邮,https://item.jd.com/10026778164718.html
华为nova8 5G 手机【支持鸿蒙HarmonyOs系统】 普罗旺斯 全网通(8G+128G),2749.00,1万+,掌视界数码旗舰店,免邮,https://item.jd.com/10025539386416.html
"爱心东东
荣耀60 新品5G手机 荣耀手机【荣耀60pro可选】 幻境星空 【官方标配】8G+256G全网通",2299.00,1万+,疆界互联旗舰店,"秒杀,满1000-60,赠",https://item.jd.com/10040728039190.html
"爱心东东
荣耀60-荣耀60pro 5G新品手机 高通骁龙778G 荣耀60 幻境星空 8+256G 套装一：搭配 90天碎屏险",2288.00,1万+,京东之家官方旗舰店,"秒杀,免邮,满2288-59",https://item.jd.com/10041005747019.html
华为nova9 新品手机【华为nova9pro店内可选】 9号色 全网通(8G+128G)+充电套装,2119.00,1万+,掌视界数码旗舰店,"秒杀,免邮,赠",https://item.jd.com/10036569112959.html
